89 195 262,61070
133 89 46 49 276,172082
133 63 130 81 276 108,196714
80 242 63 108,75268
89 130 131 115 116,160210
63 67 297,92492
109 131 382,56227
133 56 130 131 79 108,184037
56 63 109 114,154636
133 63 130 109 108,170511
133 56 130 49 302,184063
293 80 297,8111
390 56 49 116,175880
56 133 89 130 131,186946
133 89 130 131 250,154093
80 49 116,122074
101 116,43029
72 133 79,111734
72 208 63 131,121823
46 49 239,109975
63 22 89,107410
72 56 63 133 89 130 49 239 109 131 108,262245
56 63 108 79,167396
208 49 116,128124
72 63 108 115,84544
56 67 131,134075
72 101 49 100,106731
49 63 89,178575
56 89 63 297,181122
56 80 130 49 124 114,192988
72 130 116,130982
133 56 63 130 49 375 108,225377
56 133 63 89 67 49,248594
131 56 108 63,162147
72 56 63 133 49 195 109 108,223870
98 49 115,115201
72 208 56 133 130 131 100,174726
89 107 115 116,91571
63 130 109 108,144128
72 214 63 67 49 108,181142
130 109 56 115,149804
214 133 56 130 49 131 116,218414
133 124 195 131,112415
130 366 56 49,180615
423 56 130 49 81,203175
56 63 133 214 130 49 131 108,233639
208 63 89 130,175797
133 49 109 116,154690
63 89 107 109 79 108,136566
133 89 130 131 302,154346
56 89 63 130 49 108,249071
46 180,26158
56 242 63 89,181208
214 67 63,98797
56 89 214 130 49 131,221492
79 89 49,149638
63 89 297,107366
287 49 89,129588
72 63 276,82056
56 133 63 67 130 49,241183
242 133 130 49 100,164510
180 293 239 366 81,41174
242 63 131 420 108,107514
133 80 49 131,134027
56 133 63 49 109 108,209631
63 89 67,125362
214 89 124 79,97041
63 130 107 109 131,147384
130 81 56,166140
133 63 109 115,142568
56 63 131 108,162147
79 63 214,104938
72 116 239,56818
56 130 107 116,173214
63 89 130 108 131 276,172373
72 56 63 133 130 195 131 79 108,228571
56 63 115,152528
208 133 56 49 131 302,173311
72 63 89 130 107 108,179063
130 72 56,146384
56 49 107 116,179594
321 133 49 100,124996
133 56 63 49 287 79,223794
242 46 49 81 100,138708
72 208 49,110121
133 56 63 209 49 131,211382
133 131 56 116,165367
80 250 116,47008
63 89 130 195 131 108,178850
56 63 195 79 108,177731
79 89 63 108,126668
56 46 366,117304
72 133 63 302 49 108,178119
130 79 262,110586
107 89 63 108,108606
89 67 130 276 116,176447
133 89 56 46 49 109,213129
133 56 22 80 49,163130
56 63 214,157925
133 56 63 89 130 209 131 79,242482
80 63 49,150987
72 80 116,57823
208 56 130,144462
133 56 63 130 131 366,197069
208 133 56 63 130 239 131 108,204131
56 130 46 49 131,196313
72 63 239 366 185,82421
262 49 81,117024
72 133 89 49 100,168080
130 109 131 382,94475
296 100,9428
133 56 89 130 195,196327
56 133 130 49 131 100,188346
214 56 80 49,162617
130 195 89,134213
79 56 214,131641
89 80 239 114,54360
56 89 49 81 115,206612
56 133 89 63 80 49 114,235439
133 22 214 100,98713
133 56 130 239 366,155634
375 116,41735
130 276 208 56,147767
195 115 116,59263
262 180,5285
133 56 130 115,157405
180 89 80 49,132133
49 100,95680
420 242 114,5119
130 79 56 195,168307
72 133 56 63 80 49,213356
208 133 56 63 130 302,203333
72 133 56 130 209 49 131 116,218694
67 109 63 108,98261
133 56 49 239 366 185,162254
214 67 56 49 116,201510
242 130 49 124,161747
208 133 63 130 131 114 108,171817
56 49 195,158126
133 63 214 130 49 109 114 108,217750
133 63 89 49 195,207406
130 195 63 108,147827
89 63 108 115,110705
133 56 63 89 49 296 108,232505
214 67 89 239,81563
72 133 56 49 239 109,176566
133 63 297 366,133311
180 293 89 46 49 109,152353
56 130 124,147623
116 180,42991
100 131 56,120006
46 131,69679
72 133 130,126255
133 89 130 195 131 79,182028
133 56 63 49 116,231535
133 56 89 131 250,170648
100 109 419 116,61256
214 80 262 79,51553
133 56 80 130 131,155802
242 101,4839
133 214 49 239,133885
133 56 49 124 131 250,174455
133 56 63 49 124 109,218745
180 56 46 49,165842
63 89 130 209,171737
124 131 302,60918
79 49 133,141769
56 130 421 131,137361
214 89 49 262,141451
56 63 133 214 130 49 262 109 108,240493
214 89 98 49,157269
133 89 56 80 49,195204
208 56 63 131,169095
72 63 89 195 107 79,148026
552 79 390,29336
107 208 100,26100
63 108 276,72686
208 46 276 100,47210
124 109 242,28930
293 56 49,148268
56 63 80 109 131 108,170917
287 49 116,120349
63 293 89 130 131,169885
133 56 130 109,160100
56 133 49 81,181937
89 415 116,82752
63 287,71181
133 89 63 49 107 276 108,204674
133 56 63 130 49 131 79 276,242931
114 116,43335
56 63 49 107 79,216481
421 124,15727
114 56 214 130 109 131,158057
208 81 116,85221
56 63 114 108,148523
133 56 49 449 79,179398
133 89 63 130 49 124 131,237073
130 195 214,110200
56 63 133 89 130 109 131 250,230720
133 56 130 49 131 116,208751
296 56 115,100607
56 133 63 80 49 108,206949
242 56 89,135802
130 366,85532
98 116,72484
321 56 63 130,182997
56 63 449 131,162269
133 209 49 100,127565
208 375,12227
72 56 49 124 250,166935
72 56 63 552 130 108,189956
107 133 49,123423
56 133 130 49,182744
63 89 130 250,170143
56 133 63 214 49 262 108,215634
89 49 296,127859
130 80 131 89,127459
89 49 419,127997
375 133 49,118896
72 21 89,108673
552 46,24550
56 133 63 80 130 239 131 108,200915
208 114 131 56,122492
180 133 130 124 131,129361
56 130 49 114,181164
56 89 63 130,212345
214 133 63 49 262,182234
56 130 49 390,180219
67 89 415,69258
133 56 130 209 49 390,185523
56 63 89 131 79,210991
56 130 109 131 79,164954
133 56 63 130 49 109 131,230247
89 239 79,73555
56 63 552 415,147428
63 297 108,71191
72 133 56 46 49 195,192661
133 56 46 131 79,174331
124 130 131 116,133691
214 89 63 67 108,133100
133 56 49 131,164369
214 67 130,115205
72 80 130 79,121794
208 180 116,53267
133 56 63 293 130 49 131 108,225504
100 420,9334
133 56 287,129483
208 419,12556
124 130 208,105395
133 63 130 209 49 131 415,204658
195 49 101,101829
116 131 67,106004
63 89 80 130 108,172503
209 79 109,43627
366 133 63 49,171005
133 56 214 130 49 124 131,202039
80 56 108 63,150205
133 56 63 67 49 108,221822
180 133 130 131 81,147550
337 56,94531
72 56 552,105205
56 67 89 63,197325
133 67 130 49 131 116,201536
250 46,26046
49 293 297,91909
133 56 80 130 109 131,163419
56 133 130 124 195 131,173206
116 107,46853
208 56 242 63,156702
180 89 195,60090
22 89 49 100,134661
63 89 109,112513
208 133 56 49 109 131,179137
49 56 63,196090
63 79 276,96442
133 214 98 49,151229
98 366,32690
56 130 239 131,139428
133 22 56 49,159943
63 89 130 185,169984
114 81,36768
56 130 421 109,145349
72 56 133 63 195 108,191375
287 130 116,122881
130 195 56 63,192426
133 56 49 185 116,186343
133 63 107 131 108,143863
46 115 302,32061
72 56 133 89 130 49 131,221546
63 80 239 79 185,99218
180 56 63 239,150441
49 107 81,119286
72 22 49,101241
63 195 109,89052
287 208 89,58309
208 180 56 63 130 108,190214
180 133 56 63 130 109 131,203078
72 80 114 116,59619
56 63 130 107 79 108,203150
56 49 276 302 116,179391
130 423 131 133,116594
56 89 214 242 130 131 302,186508
116 239,44847
208 56 63 108,154908
133 56 49 81 276,184833
214 130,97977
56 89 79,155064
109 89 63,112513
133 56 63 130 131 302,197563
130 131 56,136793
89 80 46 49 287,148052
133 56 63 67 130 49 108,241183
72 56 133 63 214 130 209 108,214362
72 63 80 79 108,105026
56 63 133 131 108,180076
56 21 49 116,215721
72 133 63 109 108,144582
101 46 100,34395
262 276 115 116,52979
72 109 382 79,51507
133 56 89 80 130 131 79 114,208936
56 133 63 49 390,204604
49 63 108 302,149176
287 242 124,20254
133 56 63 130 49 131 302,226170
49 287 116,120349
133 56 130 49 107 131 116,212411
72 133 21 49 115,176647
107 209,10555
180 63 80 239 366,77713
100 56 49 116,181499
133 89 21 49,195708
116 337 49,118604
214 89 56 49 262,195400
72 208 63 108,87788
133 56 89 67 130 449 131,205233
56 63 67 130 209 131 108,201896
80 302,6833
56 133 63 89 49 195 108,239648
262 89 214,61852
423 56 130 49,180004
133 56 22 49 124 131,175059
56 130 49 131,179949
133 130 287 131 419,119324
209 250 116,46440
419 89 63 108,105828
133 63 89 214 130 67 49 195 131,257889
208 133 89 56 63 130 131,230608
49 375 116,118828
133 56 242 130 46 131,173951
72 46 276 116,79124
89 80 130,127294
208 56 63 131 114 108,170225
133 242 49 116,148720
72 208 63 89 276 108,125267
79 293,29528
56 133 63 130 49 449,225258
133 56 552 49 297,160054
133 56 49 239 114 116,189065
72 390 116,54000
79 415,29315
434 46 49,107220
375 56 49,148097
180 101,3785
56 133 130 109 131 250,160992
79 72 133,111734
366 180,3190
133 63 130 49 419 108,202969
72 56 89 49 109 116,220483
63 49 239,150122
133 56 63 552 67 131 108,197790
208 133 56 391 49 131 116,197872
49 22,91100
56 63 89 49 239 109 79,246319
72 133 63 130 49 79,224603
133 242 130 49 131,158897
72 375 116,53865
63 80 108,72807
46 180 56,117630
131 56,112538
133 63 130 195,173931
133 130 131 375,116837
208 56 276,107659
56 63 133 89 130 109 131 185 108,230649
89 375,45476
116 214 209 49 100,138941
72 56 63 133 242 130 131 108,204921
72 56 63 133 89 130 49 131 185 108,257019
21 133 302,130885
63 56 133 107 109 131 108,188353
72 133 56 63 89 79 108,228699
133 131 56 115,138482
130 133 115,122049
321 46 115,30701
209 46,28662
72 133 63 49 107 108,179788
180 133 56,128542
63 89 49 195 276,189583
81 449 49 89,149523
214 67 89 116,112398
133 80 49 114,123620
72 214 63 262 108,92882
72 80 109 79,55586
72 276 81,51015
63 214 209 131,119888
72 56 63 133 130 239 109 131 185,210634
79 49 366,115125
214 67 89 109,88584
63 89 108 287 419,107831
130 79 131 56,157539
79 72 239,44306
72 63 130 366 108,146171
63 67 131 108,125651
107 133 89,120796
79 180,30799
63 89 130 239 131,171295
72 133 63 366,139159
98 81,66096
214 133 130 49,168119
133 89 49 109,162334
56 130 109 116,176783
208 133 56 63 130 108,202315
133 56 63 89 242 49 195 108,241091
79 130 131,107947
72 133 56 214 130 49 124 131,209764
208 133 130 195 131,135227
208 133 56 63 49,210789
49 81,114093
21 56 49,192013
98 79,60040
56 89 109 79 114,163624
133 130 131 116,150465
242 56 130 124 131,149570
56 89 49 124,190490
131 56 116,146517
63 250,70044
56 133 63 89 130 131 108,225161
208 302 116,53288
133 109 81,115835
130 390 131,85144
434 89 63,105464
72 89 239 185,60158
133 130 49 109 131 366,165474
552 130 109 131,94287
133 56 80 130 49,185819
63 296 79 108,93184
214 133 130 49 131 81,190481
130 209 49 116,180093
133 56 49 421 131,164876
130 133 56 63,196455
133 56 89 242 130 131 116,216100
56 130 209 116,172061
72 63 108 276,82056
133 56 46 49 115,178623
79 131 63,127379
72 133 89 49 116,187115
63 552 79 108,92747
195 46 56 49,174670
180 130 131 116,122618
208 89 130 107 131 116,166544
214 56 130 49,190613
133 56 63 49 420 108,204669
214 63 89 552 109,123749
208 56 49 114 116,184318
133 63 391,130651
72 63 375 108,78769
208 133 89 242 130 209 131 415 390,165336
391 133 56 49,158435
98 67,54336
214 89 63 109 108,123747
63 114 108 116,111832
56 81,125592
180 63 79 108,94370
98 49 79,135916
208 242 107,20581
262 250 116,45646
133 56 130 49 297 131 81,207177
72 56 63 49 107 79,222510
133 130 49 195 109,174258
208 214 89,69993
89 67 131 276 116,145153
133 56 63 131 366,180743
133 56 63 130 49 107 108,227654
133 56 63 80 108,177731
56 22 130 116,170914
250 133,77642
293 89 49 79,150092
72 108 63,78480
133 130 49 131 115 302 116,188058
133 49 115 100,128866
133 56 130 109 131 276,163339
49 67 100,118435
133 63 130 49 276 108,205119
56 63 67 195,176682
56 89 49 421 419,183597
242 133,78916
72 133 63 214 130 131 108,181354
56 63 133 109 382,180717
63 434,69152
180 56 80 49 239,154659
72 133 63 130 131 366,172301
133 56 63 89 130 297 131 108,226566
72 133 56 209 49,169784
63 302 108,70394
321 89 49 109,136212
98 109 124,42430
208 133 209 100,96127
56 89 80 49 79,204242
72 133 56 63 89 49 108,237804
195 109 63,89052
130 131 552,84756
114 81 116,77532
552 287 124,17385
49 124 195 115,114468
79 89 56 49,201524
56 293 130,137241
63 321,69319
72 133 89 293 49,163165
56 133 63 130 109 79,218733
56 390 63 49,196279
133 89 130 195 131 116,191873
56 133 63 49 239 108,206218
56 130 49 114 100,186717
56 22 130 49 116,207353
133 89 130 49 195,198518
22 67 98 49,133668
133 89 302 49,156012
133 56 130 49 390,183028
72 133 130 131,126264
208 63 89 302 109 108,122305
133 56 63 214 67 49,227729
72 208 56 49,165597
80 46 116,69059
133 130 296 131,116943
107 67,31796
116 208 46 195 100,93776
133 49 293,119094
72 56 63 89 130 49 195 108,261493
130 209 449,88386
72 133 56 89 49 239 79 185,220289
63 67 130,155502
130 208 131 56,144511
382 100,9224
63 67 109,98261
133 56 214 79,162397
133 89 49 79 116,200322
72 56 63 133 130 107 131 108,205887
287 208 131 56,123318
130 79 133 63,182803
56 133 63 214 49 108,213448
80 214 116,59953
180 133 56 49 131,165498
116 115 239,50093
130 72 131 56,146433
124 366 56,107617
133 63 49 239,172276
133 89 56 552 49,192347
434 133 56,127346
214 133 89 98 67 49,198689
133 49 421,119167
116 242,44060
89 262 116,84886
124 67,39455
56 133 63 130 49 276 108,227748
214 209 63 108,84312
208 56 109,112326
98 89,72636
133 56 49 449 116,185631
56 133 63 89 49,232233
72 56 63 89 130 131,218536
321 63 89 552 109,112835
72 56 63 89 552 108 130,218502
56 89 130 107 131,176433
208 133 56 130 49 124 131,198561
133 63 195 131 108,150871
421 133,77114
49 89 239,130125
133 56 49 79 116,206298
63 109 276 302,82021
208 133 56 130 109 131 79,186668
56 133 130 109 434,160242
72 133 56 439 130 131,161758
63 130 80,140828
133 89 80 49 239 109,167864
63 109 116,117658
180 214 89,61208
72 420 242,16249
56 133 63 130 49 131 79 108,240371
133 89 46 49 287,171425
72 133 89 130 49 124 131 302,205528
107 208 116,56737
133 89 56 63 130 49 108,251210
133 130 195 131 116,160000
56 49 114 116,176766
133 89 56 63 49 239 107,236008
180 133 49 131 81,155409
89 250 116,83463
72 56 133 89 130 109 131 79,218133
124 195,29423
72 80 109,28911
133 214 130 49 131 100,173581
423 133 63,130633
56 67 130 131,156663
56 133 63 130 67 209 131,214971
214 63 382,81557
80 72 180,19903
72 133 89 56 214 49,209916
421 56 293,95646
63 89 130 276,172240
109 208 419,23788
195 297,17391
63 214 130,148073
72 56 63 133 89 130 109 131 79 185,250834
63 89 242 195,118589
72 63 49 262 79,177654
133 89 56 130 49 195 131 116,244490
72 180 214 56 46 49,184851
180 214 49 116,131408
72 208 242 63 420,90070
180 56 116,131345
89 214 116,95357
133 89 56 130 49 114,215499
46 114 81,59263
72 262 115 116,61579
72 133 89 56 63 49 239 185,239686
133 130 46 49 131 302,174780
133 89 49 276 100,163061
180 63 109 108,78553
242 89 81 420,78620
133 89 130 49 131 81,210525
72 133 56 89 214 130 49 131 116,252507
133 63 130 49 109,208013
195 81,47449
79 89 67,94376
72 133 63 89 130 49,235033
262 250,4855
239 297,6175
89 67 116,103662
63 552 262,71710
56 63 552 80 239 185,152664
56 239 109 131,123479
89 49 287 81,151316
56 133 63 130 109 131 79 276,221562
49 239,92416
133 56 130 109 131 115,164964
79 109 133 49,149492
195 98,45603
72 109 133 49,135857
72 56 63 79 108,174664
72 133 242 130 46 49 109 131 420,190734
133 56 63 80 130 131 276,202042
239 63 366,72392
56 63 209 49 108,198114
56 63 89 130 131 108,212381
131 56 22,114557
56 63 130 239 185,185161
56 239 116,132829
208 63 109 79 390,109575
72 49 56 63,202714
133 130 49 302,158278
56 101 80,99812
185 390 56,95858
133 89 56 49 415 116,216569
208 63 89 109,121194
79 72 21,97025
89 80,49572
56 130 49 262 131,182622
63 49 195 109,163555
72 56 89 67 116,192404
124 239,18354
72 63 195 79 108,113204
276 116,44764
133 63 80 109,140493
133 56 242 107 131,139963
63 89 107 131,142654
79 72 209,45127
133 56 67 130 195 131 116,209741
208 56 63 108 116,189216
133 56 214 130 116,193946
124 250 49,100458
552 302,1934
56 133 63 131 79 250 108,199849
72 321 133 49 116,155659
72 89 49 109,144218
56 63 130 79 108,200394
63 89 552 209,108058
72 133 56 89 130 195 131,203905
208 56 63 419 108,155476
72 89 49 124,144179
63 239 185,72171
133 89 63 130 107 131,197252
56 46 49 239,167325
72 133 89 130 49 131 79,213962
276 49 115,97248
56 133 63 130 49 195,233181
208 63 89 109 108,121194
421 293,1492
133 56 89 130 49 131,214378
114 63 108,70638
80 49 63 108,150987
56 63 133 130 49 239 109 131 108,231928
63 130 107 108,140528
133 63 130 49 79,218723
63 214 67 130,162941
72 208 133 130 49 131,173012
72 49 131 79,151702
208 63 131,113438
552 185 302,3217
63 89 552 108 131 79,159382
89 130 81 115,155960
21 114,64137
56 133 130 49 195 109 131,199185
321 56 49 100,154162
302 208 89,57593
214 56 63 552,157926
262 276 67,32866
242 108,22676
79 49,114205
89 302 124 276,62984
133 56 130 107 131 79,176991
130 72 208,103833
72 214 46 49,128380
421 81 297,37733
133 56 89 242 131 420,171586
56 133 63 214 130 67 49 131 108,246776
242 89 124,60367
133 56 63 130 366 239 131 79 185,216333
180 108,21733
72 49 239 131,132531
72 239 262 79,47560
72 63 80 130 131 108,148931
89 81 185,77008
89 195 109 100,76050
72 133 56 214 130 131 116,201941
100 56 49,153933
72 89 46 276,80822
214 56 209 49 124,171280
180 214 89 81,90491
124 72 114,29509
124 109,26121
131 133 81,119223
214 63 89 131,150396
72 63 209 108 116,121363
214 49,102135
72 81 185,48379
72 133 89 100,131620
72 63 89 239 185,116176
22 46 49,108613
63 109 131 79,134064
79 208 89,81476
133 56 63 49 239 109,211393
133 89 56 214 49 116,225757
67 130 195 131,118108
242 89 109,58207
67 131,69859
208 242 89 209 415 390,62940
130 63 239,139530
133 56 63 80 49 239 415 390,209019
72 56 63 552 130 131,189993
72 46 49 79,139559
133 89 49 100,160261
180 67 89 116,105072
133 56 130 49 124 108,203460
49 109 79,122812
56 214 130 100,155731
56 63 130 297 239 108,186234
133 56 63 80 130 49,227600
195 49,100492
208 375 116,51992
63 214 109 108,89133
552 131 89,87773
552 297,2584
72 208 180 63 89 108,123710
72 133 130 49 109 131 79,191173
100 130 287 116,130041
552 133,76468
56 63 89 130 449,212444
130 133 449,116695
56 63 449,147345
133 89 67 130 49 131 100,212923
80 49 89,130950
79 209 63,95804
131 133 297,90921
56 242 63 115,154327
133 56 130 80 131,155802
63 296 115 108,75654
208 133 130 109 131,132694
63 130 131 115,143040
72 56 130 49 124 131,196951
391 81,34853
72 133 56 63 130 49 276 108,233816
133 130 49 131 185,157944
337 49,89305
214 133 63 89,173304
133 63 130 49 79 108,218723
214 89 63 79,137964
72 209 214,32400
72 133 49 375 81,151731
133 56 89 130 109 131 81 115,221316
89 80 239 81,82878
56 63 49 421 108,196532
214 67 130 49,178260
72 209 63,81514
89 130 287,125494
67 130 131 100,112887
180 56 49 195 116,185329
242 67 420 116,66912
72 133 49 79,150324
80 63 108 239,75223
214 89 209,63001
133 56 209 390,130484
130 131 415,85127
214 133 56 21 46 49,224440
208 439,12113
214 89 209 109 116,107933
133 56 80 49 109,168845
133 56 130 49 421 131,183232
56 49 81 116,199333
130 131 133 116,150465
242 214,18668
80 79 109 89,84407
56 67 209 49 116,196831
72 133 56 49 124 109,182919
56 293 49 116,176028
214 56 130 49 109 131,197673
133 56 63 130 296 131,196815
133 56 552 131,133343
63 89 116,142499
89 98 287,74567
133 131 100,95934
180 80 49 81,118823
133 214 67 130 131 100,151440
133 56 89 49 79,210936
130 72 209,98958
72 89 79 185,82157
56 109 63 49,201437
133 287 131,91158
109 214 67,47432
46 49 101,108191
133 49 297,120528
133 89 56 49 114,193516
423 133 130 49 131,157020
208 133 109 116,128675
133 49 124,128341
49 109 114,100119
72 133 56 89 130,194710
133 56 63 89 80 49 239 79,251519
366 124,16126
63 108 209,72063
133 56 130 297,154131
133 98 130 209 49 131,179107
63 108 296 195 302,83127
180 133 49 109,128093
56 63 89 107,182179
63 89 80 130 262,174508
56 130 239,139378
72 214 116,67346
133 56 214 67 131 116,191491
56 89 115 116,169359
56 130 49 195 131 116,214200
63 130 49 108,197571
262 390 63,71994
133 89 80,120146
133 89 130 131 79,172477
89 81 366,77015
72 116,53576
180 56 133 63 130 49 239,227796
133 56 130 49 124 421 131,192108
133 56 130 366 131 79,173322
124 63 108,83838
116 131 115,89296
72 63 89 130 195 108,185496
133 67 46 49,157427
56 63 49 195 109 108,209974
208 56 130 195 131 116,185142
130 419 116,121607
133 56 130 49 131 250,183592
72 79,41134
114 89 116,84100
72 133 56 130 49 195 131 116,224311
276 131 63,108825
133 56 63 130 49 250 108,225751
80 49 382,93434
22 109 115,20558
56 133 63 49 115 108,208330
133 130 49 131 302 100,163942
133 56 114,128628
208 242 56 63 108,156702
56 133 63 49 109 185,210268
552 262,3347
133 56 89 130 131 100,192840
72 133 63 80 130 131,174725
133 56 98 130 67 49 131,219087
302 133 89,117716
133 63 49 415 79,189753
133 56 214 209 49 114,173482
89 80 239 131,94585
49 131 276 116,151020
72 56 63 133 89 130 209 250 108,233430
72 56 63 133 130 49 109 131 250 108,236682
56 133 63 80 79 108,197040
63 89 22 130 131 108,171314
208 56 63 130 109,194609
130 109 131 115,100022
133 89 56 63 130 49 239 109,257224
180 63 89 109,113976
89 100,53176
72 208 63 107,91168
56 130 131,136793
208 180 63,80077
133 80 49 79,145162
133 63 89 250,164088
89 439 130 131 79,144218
133 49 287 116,148523
72 133 56 63 130 49 239 131 185,233437
133 56 63 131 276 108,183085
56 89 63 79 185,198203
63 114 108,70638
133 56 63 89 130 49 195 131,258337
180 56 63 133 130 109 131 250,203704
130 366 79 185,109643
56 63 80 49 239 185,200917
63 296 109 108,77440
56 67 107 116,154556
214 63 262,83692
56 63 89 49 109 79,244906
63 214 80 109,92835
133 63 130 49 276,205119
133 56 130 131 185,153310
63 552 108 302,70396
63 214 114,82935
242 56,96737
214 209 262,22495
63 130 131 415,137725
130 72 116,130982
552 130 108,98475
208 89 302 100,65203
391 133 124,88858
72 63 80,82227
72 133 63 130 49 195 108,216943
131 56 321,112803
208 133 89 63 130 49 131,235209
208 72 337,24970
321 56 133 63 130 131,196659
130 80 115,94843
107 133 49 116,150985
133 63 89 214 108 49,208606
56 49 262 116,178335
89 209 49 390,130507
195 89 81,87421
242 89 56 49 46 116,222683
208 133 130 195 131 114,136612
180 49 297,92695
133 56 130 49 124 195 131,200893
56 63 133 49 109,209631
109 56 46,124798
208 214 133 56 49,177352
56 89 63 130 109,217515
63 302 276 108,74059
208 63 130 108 131 302,145518
133 56 89 130 49 131 116,237410
56 63 133 89 130 49 109 131 79,269126
180 56 49 115 116,179857
133 130 209 49 131,159607
208 56 130 195 131,155394
180 302 46,27953
208 133 63 130 49 131 79 185 108,225373
180 133 56 101 46 49,177002
80 109 131 63,116170
72 242 56 49 116,185628
133 49 195 131 81,162996
107 208 63,81929
124 72 109,38117
208 214 63 89,125283
133 130 124 131 100,134410
130 133 56,152406
72 63 89 130 131 185,177023
89 79 185 116,108797
100 208,20325
98 214 67,64430
116 133 89 130 131 100,189408
130 72 89,132655
208 133 56 214 130 131,170954
130 46 131 115 116,146864
242 133 130 195 81,157596
195 79 114,45140
214 56 130 46 49,206084
423 133 56 63 130 49 109,230287
72 89 415 100,64748
109 337,11695
56 130 81 250,167044
63 49 262 109,156954
133 49 287 100,126681
72 180,15196
180 56 130 46,158648
250 63 449,70213
72 89 552 109,66354
63 109 114,78621
56 80 49 109 116,185594
133 80 130 131 79,142070
