421 49 81,33
208 56 63 107 131 108,14
133 67 130 209 131,10
63 130 80 108,41
72 89 130 124,21
133 56 130 49 195,540
56 89 209 49 116,10
124 89 239,48
195 133 131 63,432
133 56 63 209 49,113
56 89 242,59
131 56 108 63,2654
56 133 63 130 109 79,50
208 56 130 195 131,62
56 130 124 116,3
46 180 133,31
79 114 56,30
421 124,25
133 49 296 81,14
56 133 63 130 49 131 79 108,34
124 208,267
133 56 63 130 49 107,121
56 63 133 89 130 109 131 79 108,3
72 101 79,3
208 130 195 116,17
72 56 63 133 130 49 131,179
130 375 131 133,22
72 63 49 107,31
63 131 276,70
114 56 46,19
56 63 130 421,27
63 49 239,89
133 63 107 131,312
208 46 276,57
72 180 46,14
56 214 130 262 131,7
133 56 63 89 49 131 108,73
133 89 46,173
109 49 56 89,188
180 297,16
133 89 56 242 130 49 131,8
63 89 214 108 209,4
124 72 276,8
21 133 63 49,1002
56 63 287 79 108,2
133 56 89 239 131,17
63 49 107,341
391 72,7
242 49 116,90
49 133 89 116,300
208 133 56 130 239 131,4
49 321 116,13
133 56 89 214 130 131,21
56 63 242 130 131 108,60
56 133 80 130 49 109,7
89 130 209 116,8
63 22 130 131 108,16
375 49 100,2
56 130 297,199
133 56 63 89 130 109 131,53
133 130 46 366,2
72 133 130 131 79,108
72 63 108 276,38
130 89 239,73
56 80 49 131,62
130 133 415,60
72 133 130 49,1011
133 89 63 130 131,815
72 63 214 67 108,5
208 81 116,19
49 89 63 108,314
366 46 56 49,9
133 56 130 49 195 109 131 114,2
89 80 239 109 116,2
72 133 56 209 49 116,2
130 80 131 133,197
208 63 434 108,2
79 49 293,3
366 56 49,144
208 242 89 116,2
133 89 130 49 131 116,106
209 49 109,49
133 130 79,1840
63 130 131 382,5
63 89 214 130 108,12
208 109 375,2
133 98 130 131 100,670
56 63 89 108,514
133 56 89 130 49 81,25
56 133 89 130 302 49 131,2
133 49 250,212
242 56 63 195 108,5
133 56 80 49 239 116,2
242 56 130,415
89 46 49 116,28
46 49,6782
133 56 63 239 366,7
208 56 63 130 195 131,17
214 89 262,80
72 56 133 63 130 209 49,4
79 208 131 56,45
214 63 67 108,100
133 56 131 366,72
133 89 56 214 130 49 131,9
208 101 89,18
80 239 79,14
133 130 195 131 79,17
133 56 130 375,13
89 49 115 116,53
214 133 130 46 49,28
56 63 133 130 302 49 131 108,5
133 49 63 108,2819
124 130 276,17
133 130 195 131 116,147
214 89 195,9
49 287 107 116,3
107 63 108,833
133 89 130 239 131 79,4
56 133 109 131,858
72 63 89 109 108,8
208 133 63 49,79
133 56 130 49 116,912
89 130 49 131 116,112
133 89 56 130 49 124,62
239 366,139
114 56 49,279
56 63 130 297 131,30
133 56 130 46 79,5
79 72 131 63,63
56 133 46 49 109,14
214 209 262,15
242 195 109,9
133 56 130 49 449,11
420 131,70
89 130 195 116,24
133 130 296 131 116,5
72 89 287,19
49 195 131,798
133 56 63,9870
208 209,140
276 302 100,6
293 130 124 131,2
208 56 130 100,31
208 133 56 63 108,148
133 56 391 130 49,5
79 250,25
72 133 56 209,18
56 46 49 195,87
89 49 131 79,46
72 81 419,5
63 130 108 131 79 250,2
63 209 131 108,22
133 56 63 89 130 49 195 109 108,3
133 130 109 131 302,10
209 49 63,260
133 101 130 49 131,103
208 133 131 276,25
133 63 293 130 49 131 108,4
133 56 130 49 195 131 100,6
56 63 297,91
63 89 130 108 131,414
107 72 63,166
434 49 116,11
72 63 107 109 108,3
208 56 89 63 130 107 131,4
133 56 63 89 49 107 108,6
208 214 130 131,45
72 133 56 49 239 109,5
287 276 116,7
214 63 49 108,151
133 130 239 131 366,12
130 276 109 131,7
81 214 89,115
80 185,55
107 116,930
133 214 67 130 131,165
133 56 89 67 130 49 131,10
56 67 250 116,3
133 130 131 114,179
208 133 56 63 130 131 419 108,2
89 133 49,3217
56 21 49 116,518
130 180 56 116,6
56 209 49 124,28
56 63 131 276,33
56 63 130 108 107 131 79,5
56 130 131 100,220
130 56 22,134
130 131 115,516
180 133 56 130 49 116,4
130 133 208 56,834
214 209 116,19
72 180 81,8
72 98,1201
133 63 89 242 130 131,14
133 56 80 239 131,7
208 49 115,3
133 56 49 131 415,15
72 63 214 130 131,21
133 56 214 79,9
133 63 101 130,28
250 115 116,12
133 63 130 49 131 375 108,4
89 262,537
72 180 133 56,14
89 49 421 81,5
130 209 131,245
56 133 63 89 209 49 108,4
208 63 391 109 108,2
287 419 63 108,7
133 56 130 49 415,36
242 56 63 420 108,9
56 63 130 449 108,11
180 56 80 49 116,2
98 49,9579
124 72 214,29
67 262 89,5
21 133 115,164
208 89 46 100,3
80 79 49 89,13
133 56 63 114,101
72 242 133 130 131,19
208 56 130 287 107 131,2
302 56 63,47
79 56 49 195,32
133 63 130 109 79,55
56 67 131 115,3
56 22 49 79,5
67 89 133 49,65
79 89 116,26
133 89 130 80,16
214 89 114 116,3
49 366 185,16
133 293 130 49 131,22
56 89 63 109 108,59
133 56 130 114,165
242 133 130 49 124,7
287 130 100,21
72 56 63 80 49 239,2
133 109 131,1193
63 89 49 79,114
130 79 56 297,14
302 131 63,73
133 63 287 131 108,15
208 63 89 130 79,4
293 421 81,7
208 124 109,9
133 130 49 124 131 434,6
46 302,133
180 46,336
81 49,9916
214 56 49 109,39
63 67 130 195 108,3
242 133 130 49 124 131,5
133 63 130 209 49,65
276 63 108,302
133 56 49 107 109,19
89 239 366,37
133 56 89 130 49 109 131,48
133 63 242 130 131 108,66
130 115,841
133 56 209 49 116,43
133 89 130 366,15
130 208 56 302,30
133 130 49 239,88
49 375 116,21
130 49 109 79,21
100 124 116,5
130 133 63 108,4085
72 56 89 63 214 130,3
79 115,30
208 180 49 116,2
56 46 49 116,51
72 63 89 262,8
109 56 63,1079
390 180,2
208 131 56 67,10
180 214 133 49,5
56 242 63 115,6
130 79 195,38
56 130 80 49 131,61
242 56 130 131 115,9
72 56 63 67 130 108,4
208 133 56 49 109 131,5
124 180,57
420 180 46,2
72 80 116,23
56 63 67 209 131,4
98 131 67,202
124 56 100,44
130 107 56 49,220
63 46 108,2
133 56 49 250,131
130 133 239,223
124 208 49,24
56 67 63,785
208 63 89 109,14
421 131 56,56
56 63 49 250,42
133 89 56 49 449,4
133 130 49 420,32
72 214 56 49 116,8
89 109,1244
89 49 366 79,9
242 130 79,20
195 131 89,129
72 89 239 81 185,16
133 130 131 382,13
208 63 89 131,58
89 63 108 239,24
63 297 79,39
56 133 63 89 130 49 195 131,17
131 63 302,73
214 56 89 130 131,30
72 133 56 63 89 130 131 79,12
72 63 79 108,80
46 287 375,3
242 63 79 108,10
72 133 131 100,35
242 89 46 49 420,2
56 67 89 131,61
63 302,493
131 302,238
133 56 63 214 131,118
56 63 130,9504
208 56 242 63,16
89 49 375 116,2
56 131 63,6306
63 109 116,4
133 130 49 115,345
133 56 63 214 130 49,116
208 89 124,46
195 208 114,11
46 180 115,17
63 130 209 390 108,5
56 133 63 130 262 131,6
72 56 131,980
208 133 56 89 130 195 131,3
89 63 108 302,43
63 89 108 302 109,7
56 22 130 49 124,4
56 133 63 130 49 107 131,70
276 133 89,59
180 133 56 130 49 131 116,3
89 98 195,104
72 276 63 108,38
208 133 56 63 130 287 131,2
133 63 130 108 131,3126
107 72 81,6
133 49 79 114,11
72 133 63 89 130 262 131 390 108,2
56 109 131 116,26
133 56 130 49 109 250,6
56 133 63 130 49 108,1260
56 22 116,68
287 49,300
56 89 63 131,665
130 420,98
56 49 276 100,7
72 63 366,23
133 56 63 131 79,483
423 133 56 63 130 49 109,2
180 133 46 49,25
56 133 130 49 131 81,211
56 89 130 79,274
72 89 56,323
46 242 89,31
116 439,54
56 63 133 130 107 109 131 108,9
72 56 63 130 109 131 108,17
208 242 63,46
130 195 100,30
133 56 63 49 297,19
72 89 262,15
56 63 133 89 130 49 131 79,17
208 130 131 81,43
287 72,91
209 214 81,5
133 56 63 214 130 109 108,4
208 22 116,52
133 56 49 195 131 114,5
72 133 63 89 130 49,68
130 79 63 89,205
56 63 133 130 49 109 108,120
208 131 63,446
133 56 130 49 124 131 250,4
72 100,290
56 133 89 63 130 195 108,24
67 214 89,308
208 56 63 133 130 107 131 108,9
67 133 81,270
214 56 89 116,16
214 56 130 49,342
133 63 242 108,88
72 63 276 115,2
133 49 114 100,20
133 56 63 214 130 131 108,42
56 195 116,182
133 56 22 131,84
180 63,317
180 133 56 49 366,2
63 89 130 195 79 108,4
56 63 382 108,8
63 89 108 276,25
63 89 109 108,175
72 133 56 63 130 109,34
98 214,1086
49 89,6910
72 133 63 49 131,266
133 130 49 195 131 81,21
133 130 49 107 131 116,32
214 131 56 89,30
133 56 63 214 130 49 109 131,4
133 63 49 115 108,42
195 420,22
46 239,259
133 56 214 130,518
133 56 89 49 131 116,53
130 49 133 89,1415
56 130 49 195 116,45
100 109 89,27
133 63 79,958
56 89 415,10
89 46 131,36
133 56 80 130 49 116,10
130 80 22,2
72 133 56 63 49 131,180
209 63 214,93
133 56 130 131 250,99
72 133 89 293 49,2
214 133 49 131 116,49
133 46,2600
375 89 116,11
250 133 449,10
56 49 124 115,102
72 63 130 108 49,196
56 239 366 185,19
133 98 130 49 131 419,5
56 131 79 114,8
63 89 49 109 108,43
133 56 80 49 114,4
133 56 63 89 130 49 108,122
133 130 46 131 419,2
209 89 133 49,57
89 49 131 116,113
214 67 56 49 116,10
130 131 56,27630
107 46,55
287 49 116,100
209 133 49 116,76
72 101 46,8
72 63 239 185 108,10
214 133 56 130 46 49 131,5
107 131 56 89,44
79 124,186
180 89 49 81,4
109 242 81,3
79 72 56 49,74
214 133 63 130 131,203
79 56,4914
56 133 89 130 49 124,62
56 89 98 49,247
72 22,70
72 89 46 79,24
89 185,270
133 56 63 89 130 49 131 114 108,2
208 56 80,5
208 133 130 131 276,25
124 208 131,30
133 89 56 130 49 131 100,10
89 46 49 109,17
133 130 80,287
72 208 89,47
63 67 214 262,2
79 63 89 195,20
130 195 133,1827
423 133 56 130 131,7
195 72 100,12
133 63 130 49 107 109 108,9
116 133,5656
63 89 130 115 108,8
208 63 130 108 131 302,13
56 89 130 449 131,5
130 208 133 116,189
56 242 63 131 108,60
208 133 56 130 131,666
56 63 209 79,9
130 107 63 89,86
180 56 49 116,70
208 56 133 63 131,192
208 56 130 209 131,12
56 391,36
63 390 108,100
208 133 63 130 108,195
72 56 133 63 89 130 131 79,12
208 56 89 63 130 131,38
101 115 100,4
131 56 321,53
22 89 130 116,8
449 116,19
101 133 115,3
107 109 133 49,28
130 195 107,2
242 56 63 130 131 420,13
133 67 56 214,165
80 250 63,2
208 56 133 63 49,60
133 56 130 131 434,16
124 130 131 116,8
133 56 63 89 49 107 109,2
56 133 63 80 130 49 108,13
72 63 130 79,88
107 49 100,35
72 133 63 242 130 49 131 108,5
56 133 63 130 297 131,26
133 56 195 81,74
214 130 49 116,70
133 67 49 81,177
293 116,23
130 133 63 89,1118
67 109 89,14
133 56 130 297 79,9
63 287 109 276 108,3
133 89 130 131 81,49
72 46 49 116,11
130 80 49 116,21
116 133 49,4581
133 56 130 209 131 116,10
56 63 130 49 421 131,2
124 133 89,291
133 56 49 195 109,58
133 130 49 79,413
72 63 89 214 108,2
80 72 131,17
56 214 67 130 131,125
109 49 100,59
130 131 297,218
98 195 49,195
133 56 63 89 130 49 109,31
296 130 49,33
133 130 49 107 131,192
375 56 63 439,2
302 56,171
116 115,1479
133 22 67 130,5
79 72 63 195,11
21 49 67,207
56 63 130 49 79,124
208 133 56 63 242 130 131 420,2
214 89 49 116,20
133 79 185,17
72 208 114,5
366 63 214,2
208 109 49,27
180 214 49 116,7
56 67 130 195 116,3
72 214 109,26
133 63 89 130 49 131 115 108,2
421 56 116,13
208 133 22 46 49,4
180 133 130 49 116,8
56 89 46 49 79,11
56 130 49 107 116,23
56 133 63 214 130 131,117
56 63 133 130 109 131 79,43
133 89 130 195 131 116,8
180 133 130 49 115,4
56 63 107 131,236
208 133 56 130 109 131 79,2
130 133 81,1758
208 133 56 130 49 195 131,3
56 63 67 130 195 131,2
133 56 130 49 195 131,369
56 63 89 214 130 131,14
209 81,282
72 133 56 89 130 49 116,7
296 109 49,2
72 214 56 63 130 131,12
89 130 239 116,2
81 49 321,10
89 366 79,28
63 130 262,116
89 276 302 116,3
130 239 131 79,23
56 49 81 250,17
133 89 130 49 131,940
72 214 133 56 49 124,3
56 49 195 100,30
420 242 180,5
208 293,19
133 56 63 130 297 131 108,9
133 56 130 124 109,38
133 56 63 67 131,142
72 63 133 49 131 79,11
72 109 49,219
56 262,115
208 46 302,9
56 133 63 242 130 49 131,24
56 63 130 107 131,234
133 56 63 89 130 209 49 131 108,2
262 49 116,14
72 133 56 67 130 131,18
133 242 49 420,53
49 195 131 116,85
81 449,29
124 250 56 49,21
366 133 49,157
208 133 130 287 131,14
287 208 89,15
133 56 49 107 116,58
242 49 124,27
209 63,1102
133 56 98 131,967
214 133 56 130 49 131 116,27
56 63 130 421 131,13
72 56 63 133 49 131 108,98
208 133 130 124 131,21
124 195 49,81
423 133 63 130 49 131 108,3
208 63 107 79 108,8
56 242 130 109 131,14
133 89 56 239 124 131,4
250 72 109,6
180 46 49 115,7
130 21 133,5115
56 89 130 262 131,9
133 89 130 109,181
366 63,217
133 49 108,2819
114 56 133 130 109 131,8
56 63 130 49 195,202
195 67 100,5
214 133 49 185,2
72 56 63 89 130 131,69
56 49 421 116,11
214 56 89 130 49 124,2
133 56 63 195 131,247
133 131 276 116,45
133 49 195 114,12
56 63 67 195,6
46 214 89,146
56 63 214 109,25
56 67 130 49,176
109 419 100,4
56 79 109 63,101
72 49 100,107
133 89 56 63 130 49,302
72 56 49,1536
79 81 89,57
56 130 131 79,1671
56 133 63 239,106
133 56 80 130 49 109,7
133 214 67 49,229
130 131 116,2846
79 63 108,1121
56 130 114 100,9
115 302,44
133 56 130 49 109 131 116,18
56 81 239,50
130 67 116,404
208 133 56 214 130 131,14
208 321 133 130 131,4
133 130 46 131 79,10
72 133 56 63 242 130 131 79,2
133 89 130 239 124,7
116 133 89,381
133 49 419 79,2
49 239 116,48
208 133 63 130 131 108,162
109 89 46,59
63 89 276,54
56 130 49 109 131 116,19
72 208 276,10
63 89 124,7
208 133 89 56 131,54
133 22 100,106
56 79 109,200
72 63 89 130 115,3
131 133 67,862
56 133 67 130 49 131,116
423 56 133 63 49 108,5
133 56 63 130 209 49 131,18
72 133 49 124 195,3
208 133 100,111
133 56 63 89 49,556
133 56 63 130 49 109 131 79,11
133 56 130 366,86
56 133 80 130 49 131 116,7
133 63 130 419 108,8
56 133 63 130 49 107 131 108,25
133 98 49 337,3
72 133 56 89 130 49 131 100,3
89 262 131,24
89 130 131 79,269
114 208 133,45
72 63 214 109,11
250 63 89,48
133 89 80,52
56 133 130 131 81,318
133 56 63 108 49,1855
214 130 100,71
63 89 276 108,25
262 63,592
79 133 49 89,209
287 79 49,4
72 133 63 89 49,112
56 89 130 195 131,61
133 130 49 302 116,9
56 89 63 239,38
63 130 131 415,18
80 21,488
208 56 63 89 109,4
63 89 185,99
56 133 63 89 49 109 79,10
130 208 49,292
107 56 49 100,8
133 56 130 131 100,191
180 133 49 116,23
63 89 108 390,18
133 63 89 130 49 79,22
79 419,8
63 130 108 109,449
133 56 63 89 130 107 131 108,10
133 56 63 49 390,30
89 80 46 239,5
72 133 56 130 49,606
56 89 242 49 124 109,2
130 56 195,1163
195 81 116,54
56 133 63 107 131 79,13
133 390 49 180,2
296 63 89,7
133 56 49 287 131 116,2
423 56 63 49 108,6
72 242 124 420,2
80 242,19
208 56 63 109,34
72 89 130 131 79,25
208 89 276,38
133 56 49 124 390,2
130 72 131 89,213
89 375,40
130 49 124,1485
133 56 63 108 130,2844
72 89 130 287 131,2
321 56 49 100,5
63 80 49 108,37
63 214 209 109,7
133 56 89 130 49 366 131 79 185,3
72 180 49,31
98 49 297,15
209 208 56,52
56 133 63 89 130,751
56 133 63 80 131,51
109 419,19
89 46 262 79,2
130 131 56 63,6277
133 98 49 107,53
81 89,3816
375 56 116,8
208 46 49,91
133 130 21 49 131,1683
390 56 63,57
56 101 63,34
56 133 242 131 116,14
56 439,25
208 133 56 49 109,15
262 133 63 49,23
56 80 195,3
214 89 131,65
21 49 46,1226
100 89,829
133 89 56 49 415,5
79 63 89 239,33
116 46 239,14
208 133 56 63 130 49 108,11
101 67,39
56 63 49 109 108,203
133 56 63 131 276 108,8
63 89 130 262 131,4
124 49 67,45
133 89 130 46 49,34
242 89 130 420,5
89 98 130 262,2
133 56 242 130 49 195 109 131,3
130 195 56,1163
116 214 67,364
63 89 130 49 108,187
133 89 56 80 49,22
180 89 195,8
391 133 56,22
208 56 63 89 130,52
81 49 133,3481
208 242 63 131 420 108,2
133 214 67 130,247
133 89 56 46 49 109,2
133 89 130 49 100,48
133 56 49 239 81,14
81 250,90
337 56,19
72 133 49,2015
56 195 131 116,48
56 63 133 391 49 109 108,2
89 56 49 115,82
56 133 63 130 131,5192
56 80 239,34
133 56 63 89 130 131,558
56 130 49 195,597
296 46 302,5
79 133 56,2307
56 89 49 109,188
56 133 63 130 131 114,38
133 49 56 63,5038
180 56 116,81
133 56 297 131,96
133 56 80 21,41
133 293 130 49 421 131,3
56 49 109 81 79,3
67 63 214,1048
133 195 124,69
208 133 130 49 131 116,48
56 133 130 109 131 382,3
133 56 63 242 195,5
114 208 56 133 130 131,16
56 89 49 421,6
208 56 63 133 130 109 131 108,7
72 133 49 81 276,3
133 56 63 89 130 49 109 108,18
133 130 49 107 131 100,3
208 133 56 130 195 131 79 114,2
214 89,1333
133 56 130 49 109 131 81,6
133 56 130 109 131 100,5
208 56 130 131 375,2
133 49 81 276,50
133 56 46 131 115,11
124 242 49,27
130 46 49 131 115,21
133 130 46 49 195 131,18
79 276 56 63,6
89 297 81,28
63 89 49 297,5
262 180,6
208 56 130 449,6
79 185,132
208 89 296,5
130 63 124,5
56 89 49 250,17
98 115,995
72 133 262,8
56 63 296 276,2
89 79 100,8
56 63 130 131 250 108,26
130 209 49 116,25
56 49 79,1218
133 131 56 63,5220
130 133 115,535
56 49 195 81,125
208 276,323
63 89 130 262 108,8
214 67 130 131,269
133 89 130 131 390,9
133 208 56 100,32
116 46,1069
133 56 130 49 239 131 116,2
130 208 133,1700
72 56 109,173
63 214 67,1048
81 89 116,61
195 56 67,23
56 49 63,5790
89 80 239 185 116,4
208 63 130 276,18
180 133 56 209,5
63 130 209 262,2
287 124 89,16
133 56 130 49 297 131 81,3
49 124,4818
133 63 242 130 49 131 108,18
124 72 89,112
72 133 130 49 109,62
133 89 63 130 49 109 108,21
72 63 130 276,9
180 89 116,29
72 63 67 108,32
133 89 49 124 109,16
133 56 101 49 81,10
208 133 56 209 49,9
56 63 80 239 185,5
56 80 49 116,113
72 133 79,196
208 114 131 56,18
208 133 101,55
56 63 107,550
72 366,57
208 56 130 250,7
208 63 130 107,46
133 130 49 107 124 131,6
81 375 89,6
98 22,810
56 63 80 130 131,67
56 133 63 80 130 239 131 185,2
130 195 133 56,892
208 133 56 107,29
56 49 124 79,13
72 56 63 133 130 195 131 108,14
63 130 239 131 79,11
63 89 130 108 131 276,3
72 276 89,37
337 49,24
276 133 49,496
63 89 130 108 107,30
89 130 131 79 302,3
133 214 100,49
208 130,3311
124 56,2698
100 287 116,18
56 63 79 108,352
56 67 49 81,62
208 67,123
130 131 56 302,79
133 89 63 130 131 250,6
72 214 56 63 67,8
56 49 81 115,141
133 130 209 49 116,23
208 133 114,45
133 63 49 109 108,253
56 133 63 49 109 276,3
250 133 56 49,131
130 131 56 100,220
208 63 114,31
133 89 80 49 239,3
130 79 72 89,41
180 214 49 81,4
56 89 63 107,61
133 56 89 49 109 131,49
133 89 56 130 107,46
302 208 89,56
130 421 131 49,36
130 63 302,117
133 89 130 49 296 131 116,2
72 242 63 89,5
287 130 63,53
208 133 56 242 130,17
56 133 63 80 130 239 131,6
46 49 214,246
56 133 63 89,1071
79 421,42
180 130 131 116,6
56 63 133 89 130 49 109 131 79,2
133 130 287,138
133 49 124 115,91
56 133 63 130 131 79,481
63 108 239,146
208 63 209 108,15
72 133 56 63 130 49 195 131,15
21 209,101
208 209 81,14
56 63 89 130 79 108,32
124 109 239,11
419 89 63 108,10
130 109 89,244
56 214 67 130,363
133 89 209 49 79,4
72 56 89 49 124,14
130 423 56,14
133 56 63 89 107 131 108,10
180 81 239,4
67 262 63 214,2
72 109 46,26
133 63 130 131 108,3126
130 262,494
131 63 89,1090
63 56 130 109 131 108,231
49 107 116,258
133 130 366 131 79,16
133 89 63 130 195 131 108,30
56 321 116,13
67 130 79,10
133 49 296 116,7
214 63 89 131,27
208 22 124,6
46 56 81,132
420 116,43
133 56 49 276 100,5
208 242 133 130 131,25
116 109 56,183
56 131 63 108,2654
208 133 63 131 79,12
133 56 101,159
56 242 63,186
56 131 114 116,4
209 79,84
133 56 130 49 131 302,23
133 63 130 49 390,20
287 67 100,29
80 180 49,12
130 375 49 116,3
287 276 302,16
72 180 133 56 63 130 49,3
