69 770 946,7
2667 844,8
1079 11 4699 883,7
12992 5344,35
174 382,313
335 921,1371
327 331 438,103
1592 555176,15
57 590,29
1672 306,120
599 67 967,68
405 426,2225
27578 5,38
1801 415,470
403 557,332
231251 67,13
28811 64 8297,31
1829 616,13
284 697,95
128 440,735
1499 2229,18
1508 4831,58
12579 1798,329
126 192013,13
1668 5558,99
12001 2877 4385,20
1548 3534 673,54
310 80,4377
15806 23690 26539,2971
18452 4588,16
1398 42,1135
1039 284,1379
333 4537 8124,93
1601 321 6952,6
5934 855,222
335 462,1657
197 269,960
1525 408,35
181 7278,199
220 5422,60
3510 353,7
178 1862,18
1053 6500,1793
1684 316 351,481
102 7643,62
3141 562,167
2045 2366,6
3240 8352,71
10801 12471 1856,6
1037 2736 7807,106
100 2834,36
136046 3088,12
23 269,690
1319 324,163
2223 6900 794,13
12256 6359,12
4159 4311 5266 586,24
14757 458,97
107 532 599,6
320 67,5551
0 119 206,32
1439 3131,9311
5957 6037,14
10937 771,752
1604 1668 66,29
2736 284 50801 8306,130
1864 2599,41
109 3289,219
17666 282,1348
142 832,375
1620 176,47
258 726,2549
3895 85,497
1312 207,1673
37924 5577,235
1241 381,135
1751 680,125
102 1075,1345
58 599 709,96
1628 295 377,62
1140 24039 27620,13
1439 3400 8218,61
1784 4607 5292,8
101 195 2377,66
18 5841,1625
5399 7029,92
1080 3439,41
1697 3526,2074
1784 310 415,11
2007 335,99
2323 811,131
2223 4517,206
1540 16,259
10089 97635,70
205 233536 26333,12
37526 5051,20
1187 349,373
2151 473,114
126 1807,524
115 1568 5,8
1765 417 426,24
1099 5951 68,17
1059 3714,2628
1000 811,478
438 977,16
109 142,7256
1782 2488,14
2336 944,15
333 335 8947,6
1060 69,663
2564 407,33
207 516,1276
1657 7931,649
1061 310 42 975,6
1251 2537,75
179 3919 922,9
1576 2759,20
284 783,19
173 2139,219
1399 9553,130
1197 2615 3429 8806,25
115 1640 85,96
1093 715,148
115 146 399,46
22930 2760,11
11848 18,163
494 969,64
335 947,1971
18 258,13322
109 403,23854
218 258,1975
2434 3601 5344,23
18 850,3722
1046 844,125
2289 644,298
1384 1561,1896
1384 179 870,25
181 88014,6
16520 18452,12788
1079 599,648
16 85,16336
109 1570 310,16
1614 615 788,21559
1889 947,277
207 4462,30
1090 36450 46 644,50
1259 60,1101
1197 17888 2733 9486,107
183 2277 36531,52
2151 36250,29
42 690,706
2 85,7680
12009 2893,40
1065 128 237,10
17 672,2881
109 674,2068
258 975,598
1640 284 3054,6
2001 247,72
26 3166,57
5797 5798,19920
3172 69,292
2383 339,354
475 947,167
16 46,4178
27300 34838,6
331 4901,399
102 115 457,39
10146 811,7
295 299,1328
102 46,4240
109 55,2893
109 1606 32,278
333 417,12197
4 8895,16
12341 6160,191
1531 85,14659
1668 207,1464
1345 5,6173
1371 2148,34
415 6502,18
69 844,1212
1612 4598,78
7837 921,16
109 295,23787
333 79,6499
12711 46,40
1179 473 5,8
417 44334,34
309 983,346
115 295,5525
13754 4310,401
1479 1480,531
245 7918,11
17289 269,78
16310 5021,5
205 622,60
1480 325,415
550 6579 965,9
181 3075,572
13040 2355,7
405 417,1387
511 644,79911
16310 2161 64,2531
1943 744,535
2262 5082,61
3374 444,37
166 560 599,187
4381 8939,15
10395 831,37
18 47,3242
1573 5,782
4962 6160 7181,39
3482 79,468
18 8527,103
1697 457 7807,617
1060 5798 5800 644,2049
1829 4216,17299
18 331,17231
400 4465,37
1787 2184 3382 465,6
1384 339,760
1430 50,345
426 479,604
126 159,727
197 2263,259
373 591 8666,5
231 60,7028
174 6585,89
3223 66,460
48 79914,83
1224 68,162
1149 12162,23
1118 18 2836,14
2369 270 3532 997,14
102 135,713
4116 4355,7
118 2892,7
17 42,6727
143 916,313
1439 1697 5344,575
5 85,19969
1814 812,334
1662 732,35
6303 9975,7992
109 137 197,10
1727 2771 599,6
2384 353,1036
26630 417,17
2205 6245,12
1315 335,838
1889 49,43
11909 841,41
612 693,1346
143 295,8071
197 436 69,131
16 179,4340
207 6172,189
1847 28063,10
3054 48,474
1799 657,120
50560 658 82955,13
2491 423 591 644,42
657 965,474
1001 4960,50
1989 8846,5
1184 8,15
103 166 58,125
1692 18 79,85
10219 92,26
599 68,8317
284 5120 68,5
2207 3252,73
18932 6915,5
207 591,1953
109 258 756,638
2233 680 84,8
1149 69,681
1225 18177,38
377 7672,6
332 50 501,23
192 417,631
21377 2584,30
11496 1973,11
377 444,302
74 944,89
181 3333,255
1760 409 60,45
1104 64,709
622 886,25
20617 26584,27
295 44,18084
2028 51191 514,7
126 23872,623
1349 207 60,16
20613 7730,5
33 3735,22
1283 174,6243
1001 409 560,5
1528 179 18,24
1135 511,32
42942 69,10
0 17 36304,10
2139 84,102
12430 165 45,15
269 306,57
1060 262 882,217
1089 109 68,74
13034 2390,192
241 2699,14
1942 574,5
1056 234,5370
3199 48,125
17 18 1916,39
23060 282,4117
10089 325879 95955,35
1225 18 2982,70
18 740,1342
107056 7683,6
1039 181 185,8
1050 1766,677
2182 29850,8
2259 876,1671
2770 728,176
5974 609,155
42 458,4745
2368 90,92
1620 3064,52
1982 691 79,11
1920 7500,47
1594 165,120
181 7992,147
2333 674,33
3327 5492,12
192 558,75
103 1259,1959
143 1920,344
3283 335,295
1588 209,35
335 7063,151
1384 850,1091
18376 870,32
1046 205,584
463 672,582
14344 780,6
13063 3639,12
102 743 85,773
1919 3374,258
1892 55,502
3079 415,53
1099 348312 7230,5
2546 66,2470
16 335 86,31
1043 1930 327,6
333 516,1593
295 3797 532,14
11382 60,155
109 6852,45
1465 770 795,8
3850 599,258
11281 2306 8911 9318,32
4642 911,141
109 119 400,213
27 458,1526
17 17701,20
473 5895,408
12780 28,12151
331 6441,176
2206 6442,6
12169 84,6
173 40679,53
10541 786,607
144 207 67,41
295 92,6072
32 876 975,7
1317 8231,618
11587 3219,20
1561 4125,598
179 85,18714
599 798,750
109 335 44,215
232 60,1973
102 947,4654
17 231 348 644,43
3396 803,55
127 713,11
415 5,11013
5404 71,21
109 145 740,32
1570 1943,479
3760 525,261
1384 229,131
44 85,11838
80 8573,241
18 333,12896
1273 1576 167,40
2774 513,32
109 1439,911
331 80,10788
11571 126 4159,2077
20513 23088,7
3034 922,355
101 2041,5
56406 875,23
3808 7825 8880,48
1047 417,831
1083 11730,47
173 6623,24
18452 512 5338,6
327 466,1125
15266 18886,9
3400 444,10
1763 36531 4937 84,26
382 464,816
310 6567,199
21 28,1991
14657 1651 3417 3471,9
20420 473,12
6297 85,373
1508 62,60
6098 79427,16
2464 3750,53
16 7406,95
238 473,2005
1788 25728 558 5780,5
1548 166 6228 884,5
166 58,18235
2309 7365,25
1583 44802,6
190 332,27
3280 5670,7
0 65 780,9
2313 359,1133
20624 737,41
2854 3260,156
152243 3300,6
1384 85,20062
1065 60,7725
68 87704,6
111034 1439,136
1195 417,513
2223 975,130
32400 44,18
2312 247,132
1453 838,15
2384 310,2000
10301 7339,13
20624 366779,2937
58445 58446,114
1668 17,5125
173 68,5836
126 18452 5702,1426
543 6655,62
68 695,2594
292 6747,20
1040 115,348
1225 1317,742
0 17509,12
331 922,3258
295 71,2433
1812 310,528
1165 174,683
172 737,22
0 48,828
115 85 9878,8
3070 55,336
2943 380,162
27165 3526 64 7206,143
418 4782,150
1384 2229,312
1225 871,1273
1011 2289,6
166 232,361
1091 320,182
68 922,4756
1603 778,449
1668 181,11118
11990 1713 7265,569
1672 49 598,5
19338 64,5350
179 2089,661
678 943,14
1349 74,40
1490 2101,31
109 6481,975
12804 380 4061,5
2812 3276,3722
1247 3422,9
144 3130,84
60 92,2959
238 373,3549
2384 2485 591,1132
279 7202,368
1692 80,1065
1107 13124,16
1059 60 6655,307
1121 2486,25
179 47948,5
1359 1668,466
1115 126 66,417
4562 68,806
1065 763,1289
104446 206,90
179 26086,36
23250 3716 922,25
2681 29836,14
0 28,11545
1806 5733,26
157 850,3815
1083 220,2634
11152 117 1845,30
2730 32454,5
1056 552,47
181 2384 348,306
177 373,1140
327 654,94
403 591 69,21
147 258 403,19
15488 3098,2085
844 9068,18
325 560,355
275 415,1785
1848 794,1111
241 262,1934
1344 4000,93
483 763,801
187 333 781,19
1845 4256 66,72
13510 8500,175
282946 691 84,6
295 316 763,41
1089 18,3218
466 473,1328
1123 16610 282,11
2751 484,617
944 950,37
10395 295 58,5
181 1919 359,56
1734 1873,10
3437 68,1112
1011 2477 27971 99071,163
62 68,3684
25287 74541,132
173 48,368
103 18 60,916
103 462 690,6
18 181 316,94
109 231 5420,7
1001 2356,2004
68 983,3363
1684 763,251
1149 1606,528
657 9242,484
12342 79,28
1430 183551,36
197 44 811,734
1225 2357,101
2384 591,6034
103 80,6846
11577 483,10
1532 415,445
23438 3060,33
4043 61,49
347 417,938
1035 8936,50
1649 85,2527
2052 415,759
1363 85,3902
1925 764,46
18 8670,560
2833 319,204
126 16008,317
192 738 79,16
1005 1315 2064,8
258 4606,51
812 850,380
333 756,6047
32353 8871,68
28 60,13552
794 95,20
4290 4911,6
348 3977 5,11
415 4761,109
327 62,2142
2094 2381,34
109 12831,62
109 795,1026
157 198,62
11223 17,267
1439 9578,35
1413 295,886
18 33906,5
238 586,917
1690 740,5
1059 8308,12
35851 64,656
181 332,3207
320 574 691,7
10623 49,245
16 944,2126
103 18,14252
1754 2771,19
238851 7949,14
1159 983,315
59 7089,9778
223 80,473
18 965,12635
3509 599 664,6
10694 6098,5
409 473,3275
10602 78,19
16 23882,8
1697 1875,478
3886 771,110
691 85,8445
166 44 975,21
28269 3199,68
1195 3135,533
128 4531,145
131 813,24
144 17,7635
3199 6655,4808
2064 2701 850,19
320 4607,1284
1061 13607,9
1950 2089,452
2070 275,266
2894 5815,99
1391 552,37
1371 181,742
327 68 79,510
319 79,1151
1376 331 9869,14
1315 459,237
3252 911,1403
335 60,7029
144 2168,1756
156 5417,9
333 426 673,128
246 415,173
181 8038,302
165 351,1625
2413 333,328
16 1614 1626 788,11349
1656 2334,423
258 403 778,269
1662 335 426,28
4290 5332 764,105
4383 5750,19
166 499,500
145 1731 223 37674,7
13241 4607,114
187 349,113
1192 2491,624
345 644,1478
591 6172,396
1531 255,866
1040 3456,24
397 7587,5
1192 16121,12
4059 426,190
17 174,1948
1734 60,1949
85 853,2488
452 6468 6867,5043
1570 4050,417
1350 1830,112
23083 295,32
12103 18538 2918,6
119 125,92
483 4911,94
1065 2377 348,11
2115 2227,298
1613 18,95
124611 1845 7202,10
4992 713,21
220 6265 994,30
1875 83,76
1592 1856,266
150448 7807,642
255 2667,155
126 56406,2842
155 5,363
16 2101,906
181 1814 3541,5
786 8854,8
178181 5858,14
25509 4384,23
109 3422,732
2436 353 37496 4305,21
234 2491 310,18
16 78,435
1060 5798,16389
275 3409,131
15483 3668,7
10107 85,65
1349 3240,1287
319 574,167
1071 275,2050
457 4798,1202
102 2890 5227,5
927 9925,12
1573 1959,65
128 2370,1927
1606 333 348,15
1734 2705,210
66 8218,967
486 7179,8
142 2897,256
6788 92,14
11993 126 3526,14
102 183 728,5
1317 3028,21
17311 3276 3301 516,6
2765 295,610
2272 24322,13
2384 4,581
281879 6265,181
6153 6518 67,12
1186 2795 331,7
6 60 65,44
415 426,8870
9159 922,46
34852 522,100
47487 6585,191
1199 1792 1967,1069
131 18,474
234 68,2186
1430 1692,265
12589 473 5798,16608
3159 4535,37
102 669,1269
802 981,105
478 63,153
1698 2733 4379,7
11 5208,22
2363 85,1328
1083 333 345,30
103 3709,53
197 438 69,165
373 69,2388
146368 1514,852
352 599,1815
1801 339,292
1055 166 24329,24
1531 1603,422
1895 3181 4994 64,5
2168 415,919
100 335 3883,10
14026 150195,13
21679 511,29
3177 7616,51
6006 80,109
2330 833,28
1821 49342,26
119 381 680,41
0 14894,50
599 85,39942
1184 1943 80,16
10797 1116 5577 81949,11
1251 1868,318
17 85,37025
1192 6626,51
109 2233,617
1103 258 2980,7
2056 3123,166
109 5338,256
147 1672,610
1345 28 60,86
18 2765,601
215 2413 334,5
17 1845 295,41
1996 92,253
1075 7032,20
1315 144,687
3807 678,214
166 84,2230
103 352 353,7
103 2505,20
29175 4348 6444,348
18 399,4847
512 99,62
3694 85,365
103 220 473,287
126 15687 5702 60860,1232
109 31889,189
181 978,2353
2864 428,36
10879 1692 5800,16439
2410 932,22
1592 85,1539
1351 18,985
2052 970,86
5 8001,125
1746 9406,7
0 6301,390
426 7564 870,34
151 2152 335 8129,8
18979 4182,4344
1363 2468 86,12
109 2666,1713
2139 2356,83
1523 17 922,20
102 460,1104
2004 537,65
1594 352,75
426 644,2020
1481 685,111
0 1046,966
128 327 473,17
17 417 473,294
17 377,1726
331 5,6627
66 686,732
1561 187,451
241 348,1323
68 7,1658
2262 511,304
331 417,6140
1363 1365 333,173
1090 359,1136
85 876,11375
145 359,655
18 80,23993
3526 450,140
320 778,1155
295 48 680,137
4207 514,2904
5989 762,347
126 18 409 66,6
1047 109,5010
18 60,28520
2089 415,447
1107 64,928
1548 58,1987
1644 884,47
18 438,8098
231 2730,845
1196 126 15341 4035,2041
1439 64,9915
166 426,19883
109 1384 16,70
115 526,526
126 4035,6023
1692 5799,53860
1245 811,152
1225 139 4524,32
666 85,10271
1039 373,2067
165 3808,5944
1055 66,870
80 99,1454
285 8,736
1107 27 403,33
17 231 965,2181
166 599,26666
2945 60,518
151 2406 2412 811,7
764 84,347
12780 2 28,12102
1047 1384,319
1864 4125 778,11
102 516,1825
16 197 311,52
4511 5,250
16 18 28,727
1195 85,3148
1310 229 479 560,16
2550 44 496,18
3060 3447,431
295 50,3273
1919 841,1661
1561 181,7013
256 603,167
247 85,10774
151 644,568
1531 1583,1928
1093 983,346
405 426,2225
56 922,892
2599 4125,115
417 426 722,865
129 2005,50
1398 18 3013,2964
60 85,32419
310 333 409,75
61 868,404
109 258 403 947,1286
2369 4415,81
1001 119 69,80
320 743,1938
4684 86,161
1241 1672,99
144 32,1034
139 2122,13
695 743,341
4125 417 604,22
1439 2807,323
1187 128,346
1668 358,504
229 88,36
1225 269,2924
181 428,10098
1056 629,923
115 17,12947
23 359,1002
1242 126 762,62
0 44,2740
1692 5799 787 788,11885
246 6820,605
203 3881 85,53
48 85,4333
463 494,49
1531 1940,500
1439 3684,1277
2 304,4424
23060 440 5576,182
119 373,404
146 165,152
1056 1390,92
17 795,1585
262 763,494
1439 4524,1136
440 867,483
173 452,170
6488 85,570
363 522,347
28 4415,261
181 6655,210
28 644 69,117
1179 181 85,205
1943 348 379,12
220 232 304,18
203 335,387
147 458 60,6
1077 2730,66
16 60 85,644
109 2747,1351
1239 1344,247
192 247,485
247 591 84,6
203 32,161
2795 428 5,10
3708 6860,16
1098 143,11808
206 60,2898
1914 947,153
2279 234,92
166 785,843
18 813,769
181 331,9805
1103 139 140,188
320 403,6185
2064 320,349
1561 56,471
2207 570,141
147 2207,75
1055 5,6915
1723 58,817
3022 405 5,6
1561 85 981,140
241 327,1214
179 888,372
4710 5344,11
284 609,235
1845 425,133
375 994,480
301 3120,595
109 922,12823
1089 247,1312
1408 825 85,14
2795 28,2144
1430 426,1871
1315 693,409
42 479,1095
16 18 241,146
345 346,1899
1035 247 403,59
2045 333 466,14
274 3120,273
197 86,2286
1920 2023 60,7
1099 27,822
103 181 85,928
1453 380 680,7
1531 3159,123
17 691,2650
103 234 295,155
126 9,1834
241 633,4410
28 444,8882
231 850,1156
1692 274,106
511 922,2556
373 458,3646
1187 2 333,46
1000 126 2703,12
1005 1943 335,6
1532 438,275
2491 883,181
60 63 7029,9
176 2430,26
3120 4385,33
55 915,249
1069 795,71
591 6 85,48
295 552 92,25
16 60,15934
109 644,8052
4263 47,148
348 574,494
415 426,8870
1731 295 59,22
3022 426,408
4256 46,165
1731 2710,219
103 42,2088
1001 147,29
417 871,389
5 599,31487
166 2760,1628
187 2491,1395
103 2045,46
262 269,747
2698 426 60,23
6362 7029,26294
1384 177 60,34
382 415 426,129
1350 599 763,39
1439 7616,1396
109 126 85,257
599 691,6985
3707 3708,12915
3159 633,52
1055 426 764,83
1570 560,286
1026 2369,48
1438 64,6535
1668 2263 466,77
295 335 86,157
1640 302,317
1173 3060,57
1055 85,7005
3060 4167,1194
115 473 591,40
16 5,6962
18 234 339,75
128 17 685,76
109 60,23969
0 2309,2968
188 333,3645
17 196,1518
1356 157 85,8
1810 7,67
1065 3571,241
181 61,13400
284 63,1521
114 209,1061
126 1345 32,7
1668 310 358,7
143 1528,375
299 6488 7303,6
269 496,642
12780 28,12151
351 80,1048
109 207 63,185
206 373,603
522 850,2571
1315 299,50
2477 80,2350
25 473,430
28 516,871
166 32 358,37
2491 64,1472
109 373,7443
12341 2736 64,254
359 80 983,9
1692 405,81
1241 18 231,25
3022 306,206
307 693,153
320 331 728,11
136 68,609
615 644,6911
1751 478 479,23
1039 335,520
1722 5576,4604
23 79,1040
84 85,3332
144 975,1047
3064 403,776
220 2229 4263,12
255 574,491
17 27,12873
1083 262,1699
2831 5 80,7
115 23,1877
126 23060 5576,5047
1309 1845 67,22
109 126 1771,50
114257 1424 167499 169357,39
158712 158820 158821 6325,5
14842 17685 17686,50
43686 479379,9
20812 9258,10
27839 37264,8
175878 175879,186
165726 456165,40
12418 15582,9
19877 33546 6878,9
17664 19423,7
202329 378061,7
21885 43928,5
107382 34177 36209,127
23071 26619,9
120447 33100,52
10881 10883,172
14259 84336,5
17899 214322,8
14521 163398 58028,6
51838 97415,20
14269 3443,53
17663 18210,5
11720 339684,6
14842 17686,50
19139 41404 92799,125
27839 92641,131
113195 122207,10
131999 133179,230
114122 177003 52769,530
14842 17685 4416 9525,10
183411 79815,8
10843 39897,39
10298 13146,20
20031 6977,11
133541 6604,243
25623 6479,17
215247 24135,57
31435 58497,76
17428 230659,7
116413 116414 13563 32857,10
411128 460322,30
1474 174094,47
32811 402019,18
111871 13850 526899,35
10650 40324,5
18492 36783,25
16562 19285,8
1467 2646,12
37866 42140,13
20099 90165,22
59500 7028,5
19583 32711,20
10192 199684,22
11392 17259,7
47050 72450,21
102608 441782,71
15967 19266,20
10269 4038,32
16254 2590 36172 57937,92
30896 46979,12
14085 4260,14
11435 23402,21
22281 26677,91
15710 38674,6
358346 50989 63008,16
104903 2318 79921,24
247755 552193,16
63357 63358,35
106189 26026,110
24201 9306,8
18293 34825,16
22451 40092,46
55065 7785,263
21180 25001,14
45186 52769,548
10747 89084,67
69972 7515,13
300141 323153,7
17607 416480,5
112333 51791,18
12232 24553,6
132095 6003,11
34679 34752,5
105230 209189,10
22961 3175,12
5212 7350,116
16726 7286,109
306595 341987,17
15281 15503 27123 56747,22
10974 29118,61
119721 7203,26
14595 29878,26
29192 39334,6
27694 7081,15
30261 90104,49
53484 5748,5
22251 23913,11
291312 337774,99
42614 43301 62723,18
11237 14338 23413,272
10995 29963,5
178183 93274,191
166441 167499,145
13427 25954,15
10120 176345 36144 74783,12
14845 3205,10
14200 19701,30
195067 262837 290521,15
11879 12922,14
30588 54020,14
520006 540320,37
2950 4260,5
21056 55253,417
30149 60342,6
12983 22393,22
518774 93250,59
103611 19469,161
275080 68446,7
10904 133804,8
3859 533729,52
24236 940,324
15501 29141,8
21137 56633,42
23413 27347,40
3946 84304,17
26133 4803,5
66431 9375,6
519 93425,36
14179 328,10
10929 4919,12
11877 15587,174
100160 2939,6
39296 6787,12
205372 540816 540817,611
16017 9151,6
106620 187173 190347 72313,142
72983 87448,11
23910 9385,13
147256 17034 80000,6
130226 48679,79
13231 1424 167499 169357,13
17716 9129,1446
12359 25064,42
32180 380247,5
15184 46250,19
130226 169792,48
6511 8127,7
166842 58536,6
26114 48634,8
12692 1468 80488,6
18325 9308,14
18812 21489,6
528472 5569,6
28676 3207,16
402806 527616,5
18859 9375,8
20016 6436,12
11839 21305,10
3838 8193,8
12171 335045 9358,10
21293 21294,24
12911 475941,7
41423 48670,114
11879 41263,514
26114 30853,15
32653 3401,7
14273 29424 29425 40446,200
165168 192227,5
43589 9573,6
135287 19597,42
281749 556429,36
15332 34679,61
27386 35345,14
205372 539861 540816,185
14376 20240 67303,7
26733 30629,19
13395 32726,16
18851 40588 56316,29
33050 9543,58
6135 7233,16
3454 540816,201
17319 324123,9
36335 9159,7
15328 80000,8
46607 74260,7
16685 183916,15
19551 2340,6
24247 45250,6
1307 9702,6
13134 185940,36
15990 8334,12
25064 72634,16
139694 151806,7
22415 7226,7
205372 3454 540820,9
21707 5376,23
13141 15328,25
15766 96863,55
32858 7081,33
3147 58738,5
19459 30331,11
28105 335044,162
14500 14991,1060
11463 25725,19
19643 251124 58497,9
12334 46859,6
10329 10330 58009,6
10704 237929 237931,10
91705 98845,161
30541 62401,10
16251 27953,1019
53543 80138 9803,19
51898 51899,200
17634 34213,9
28970 555977,13
5289 548 549,194
36790 60466,160
18437 26388,13
14739 28687,20
25559 5530,52
3183 7995,5
12255 38793,6
10788 38819,5
136175 21704 3144,7
7722 9965,5
277390 33348,375
114444 23573,5
14338 34593,21
124980 555144,16
19763 29214,8
26073 84731,11
554331 5747,14
434227 51755,13
1127 73492,101
34048 9534,6
333294 520006,127
11224 11242,14
78100 9858,26
29003 29004,89
23610 34212,57
33168 39199,59
52473 77415,7
14280 14310,12
175335 30430,10
26357 34613,9
35016 76970,7
28789 36034 8746,14
118636 31412,27
22354 6826,164
281789 4957,7
527543 5961,9
11834 24758,16
38877 93461,22
21506 248113,6
19551 30898,7
11820 163648,43
13007 421448,5
1127 138046,9
31123 7567,11
21513 24202,10
38545 82207,7
30832 9346,28
10500 11820,27
11731 171215 517096,7
59537 62316 66488,48
100429 402254,156
217905 45186 52769,530
15576 4289,19
25226 35674,12
26338 7180,15
552823 552824 552828 9543,6
26234 67637,8
42956 49774,155
14058 15179 64054 8135,6
39101 42613 43301,19
34240 63960,28
13015 95565,8
10578 10579,933
21126 43405,6
22118 55387,10
12113 179290,100
18012 9074,22
113157 113158,10
15648 3556,56
177357 18822,56
11370 37101,8
268683 361891 41972,7
28862 34408,8
11463 47595,5
10444 23619,9
1154 7515,5
121671 5886,28
34046 6928,128
25467 59351,10
33609 486917,5
25001 36087,15
111871 28756,132
32557 44318 776,5
11832 1704,7
