312 376 79,15882
187 5332 972,25
3141 3142 3144 634,54
435 878,6861
1095 5808 752125,1069
20501 38 42 6284,19
3874 4861 720844 777893,6
6189 8009,74
212617 6893,2161
1367 326 435,501
1168 323 381590 6482,102
1460 23740 36625 394,10
323 570815,97
6947 781 822,17
198 2798 63,2740
1214 183 2683,723
1849 354 5115,1085
37573 79,1265
1095 13843,2250
17788 42,2076
1735 213 98,35
187 735,1007
16099 574 6426,9
24620 316 49509,13
24640 8437,573
4828 508,722
1605 1606 1608 391,1969
14772 312 381,84
15303 757,18
30776 80,15
6297 97,6
2194 2711,803
11694 1897,435
34185 7547,13
3490 482,266
2685 43206,277
353 38,925
2713 312,3868
15895 32599 79,14
13615 4934 709,878
191 6468 859,18
1849 6448 70484,2340
326 4937,613
68826 859,29
145375 213,8
10099 184 901,6
1511 4029,105
10076 1311 3027 79,35
1337 30636,139
10527 1263 758,15
1146 267906,17
1066 9856,18
164923 276938 323,1413
5688 9504,755
1422 41 432,45
5413 797,79
10088 20570 2683,234
12037 13388 38,65
4934 53664,239
16479 201 2685 295626,419
299 44743 879,50
6893 8528,3049
2538 701 702,16
1710 63 64,2097
1575 310,53
5 79,5712
4051 4498,25
1168 323,58178
1296 2685 354,294
337 42 5409,10
17646 7272,11
15610 545,23
1705 2115,900
12947 1849,1221
12309 4404 48,3557
1442 2317 36062 966,8
11003 2101 28717 375,16
1561 2035,60
13431 43 55949,23
32631 7791,80
200938 79,12
30852 605,43
13681 195944 354,5
2701 354 72790,11
21331 2540 54905,6
16724 2685 328,259
11965 1849,873
21016 2151,51
1168 213,180
1048 381 63 822,133
2858 41925 4404,786
1337 227,588
104 1177 2350 8200,7
133 135 93,4726
20651 831,242
13194 191858,999
3027 6189 770,39
183 2755,350
1845 49594,115
1524 1617 1763 27568,46
1301 795,2509
14429 2191,56
184 40 4646 83,791
11514 2174 79,37
12960 60233,121
180 2710,2646
2086 3486 34897,58
1511 2685 8020,16
3621 4934,7
315 795,4512
177 36163,235
17181 701,99
148692 779 822,16
10251 997,60
2286 3277 395,5
2709 8292 989,11
13101 381 79,284
106 2335 49 702203,16
116 117 5424 694,11
4992 548,43
1048 1460 4999,59
114276 2098 37716 878,344
180063 2685 354 6681,7
104 945,583
10250 1849 38,127
3545 3892,212
213 2200,708
1048 2728,125
3332 6893 87359,34
2792 8202,485
17853 426,206
15207 2685,4224
323 774161,196
5228 734,1799
3319 970,37
1181 1773 1897 353,21
112617 695192,149
354 4211,1290
45010 878,116
1337 20267,13
12322 426,482
2164 391,7801
25223 700713,6
2086 33017,53
1048 2074 4907,153
3868 9228,10
13758 50,8
133063 2685,8
134 359 8256,76
12971 381,26
1774 551,32
17788 3141,255
1282 1303 1311 1903,5
104 3027,5638
10853 151,77
15136 41261,106
3037 428,469
49 65497,318
193 382,2992
3868 437 60726 731,5
15895 1746 434 795,10
3272 8913,8
1282 14615 394,9
1 227,1289
3114 33627,20
3338 37594,20
1441 37757 5181,5
1849 19768 223,1513
10005 98,7
1095 186967 6482 656679,234
106402 11580 24523 699,7
1420 737,18
3709 508 80,7
14132 6893,2841
1367 35800,85
2086 25596 38,93
323 6482 695760,50
1296 68,1085
38 69 79,716
1104 9416,1058
11598 1856,164
15393 6853,134
16098 8386,90
1524 1617 184 877,1568
28724 5909,11
348991 43,18
5506 57416,123
2151 2583,280
2685 299 5998 5999,152
156345 1740 23460 2685,41
38 47823,8
100580 187 52344,8
1514 23269 2997 9062,22
2164 5,3109
48 67 795,16
315 4959 9011,29
223781 223782 323 6482,1378
17770 20701,841
1860 365,327
31 312 382,976
2404 55105,5
250 83,188
304 39060 6657 75,9
1290 5074,102
18579 326,72
8277 869,9
1168 176084 277900 968,8
115029 4492 8379,5
312 428 60,836
15486 2352,170
3540 6346,42
1095 1579 2971,20
15835 20701 79,5
3141 822,5539
186967 6482 731076,93
3033 41 7221 822,8
105 25018 4689,98
1849 27566 6448,4601
250873 6893,49
15895 230 4006,41
213 5052,161
4565 63 822,40
11575 48,1624
2023 842 843,33
132 359,5730
1006 847,40
2174 507 879,126
13770 2061,18
11575 15717,13
1719 2879 40 7547,18
2685 39,584
13087 631,58
194446 323 6482,5565
4561 822,801
361 381,600
1080 7448,7
435 94345,9
155 5877,267
12285 13389,16
3255 3540,793
213 235 381,42
10255 3027,168
1524 1617 184,36923
37810 748,34
210 901,15231
186 187,1427
1661 5565,61
1617 353,3980
177 197 79,566
215 54648,6
1896 376 5884 834,610
1336 768,832
104 1745,1614
1659 798,61
14819 382 79,176
21029 748,42
1296 2685 434,771
106 314 376,1368
5228 547,40
1562 197 434,185
1357 1450 748,96
1615 180,35
12260 34237,18
10504 209,166
14074 1441,14
164923 6482,7231
1164 6157,44
1570 2710 437 768,125
209 41 56464,7
1263 2071,975
10749 1304 42 48,870
23269 376,33654
2997 381 9062,21
39514 434 435 7788,17
142 1453,189
2134 2807 6238,70
1243 901,3303
1095 179722 4114,6
1224 5,1920
1301 323 7700,10
1736 57,516
105933 194,72
1849 2335,65076
191140 2611,5
527 6108 7068,22
14390 169962,10
11165 2751,12
177 5644,35
1524 184,39394
284 5205,6
1158 7678,52
10255 10256,12551
1168 209 2903 3150,17
2056 64 959,136
2685 65022 779,575
4657 762,127
1372 4324 79,91
16972 36724 543379 8572,10
1311 22612,30
4998 79,1371
1147 1282 41 826,83
4217 5862,159
2115 4091,186
2540 757,406
434 7244,2934
1855 2526,64
476718 5381,46
5317 9901,5
492565 795,29
2530 5506,154
2214 391 68972 739,21
1364 825,23
354 785,162
729 901,5162
1792 312 5411,28
138135 323,93
1511 47649,74
2683 3033 50569,31
1593 4432 79,822
1160 63 79,2603
12505 2250 5654,7
164923 276938 6482,1416
2092 826,293
1168 15537,32
3281 8257,6336
1522 181 187 68,42
15927 8453,15
263907 323,650
156700 3412,44
2382 580,54
1460 354,1621
1282 13531 326,69
2500 312 314,3023
1892 324,35
11215 788,93
172 944,253
1773 187 738,57
13384 16439 1759 20172,103
6482 666271 93512,9
1263 38,1145
1048 5821,1644
333 878,7082
20130 376,1323
1880 68,380
106 594,2481
63 69,24286
129513 14002 40572,49
141912 699,7
10111 2107,49
2201 61,178
1075 2360 2364 8379,139
79 822,28719
165831 23740,2459
11965 8776,99
2398 37722,5
2685 6448,61150
12326 1624 434,6
104 14186,59
11249 4215 822,1573
11170 2081 57210,153
1336 2356,728
65 859,758
11170 20157 6840,5
104 135 2042 3831,466
1263 7448,1314
1849 38258,53034
10794 1263 7895,75
11877 907,5
2023 381,2133
2685 6736 6893 779,478
2023 8742,306
29382 3032,18
10430 4217 6893,49
1276 1524,40
12119 959,25
2469 49,1081
17808 1849 42 6893,64
1364 2685 331,35
1849 2098 38052 878,999
1849 53602 80,69
1849 2284,850
531 79,589
4015 9428,5
2683 392 507 8252,5
11738 33448,143
3876 607,569
2704 797,36
2469 29864 3271,5
3709 848,29
11015 2795 5570,9
10039 2364,236
2934 8852,20
2805 434 5683,5
596 7288,5
432 5862 5983,6
13423 28992,6
1903 60,6354
58744 79,187
1511 1938,400
161377 5727,10
132 24395 361700,10
15152 6853,58
323 6482,69868
1460 6189 64,115
2023 797,6596
3939 822,950
157195 2685 49 6893,69
1421 79 9488,587
105468 3412 54524 79,9
1045 2200 79,42
112617 323,10523
2074 5508,741
1897 23339,1635
1168 4185,16
2811 968,35
2685 926,55
1562 173,613
12064 5502,66
1442 4934 795,735
1095 1168,32834
1048 1177 2023,48
12982 2081,133
2086 6893,3290
247 49,1206
13531 42,2053
376 393 9488,403
2097 42 4696,264
1440 2367 2683 42,13
314 79,99733
113 213 5007 8256,10
24539 3281 4870 901,257
15164 1849,2432
309 60 823,103
1442 5614 71926,6
187 23269 2540 2710,3375
1263 1892 7194,8
11384 86679 9273,525
1016 1095 323 57160,44
428 8047,166
1367 757 901 923,34
106 1095 15795,1243
285587 35424,210
28429 445,14
6551 972,97
128016 1896,68
14890 7631,28
1367 1496 331,27
246 69 709,8
422 429,1365
2164 5614,17416
1168 19916 3894 45485,13
117218 21236 50210,150
148 1773 316,6
18951 4868,24
5565 6105,54
17604 5064,15
12960 654558,7
22564 435,453
13016 426 7197,50
1302 132 1849 2528,5
15824 538,5
16113 57,58
1095 32841,160
226 301,23
2897 701 7702,20
13758 5086,9
15106 1893,5
13303 3359,26
394 4029 428,26
701 901,2702
1903 381,2011
1076 1462 79,55
336193 3874 49,356
1514 1679,23
11719 40 71982,5
319390 6448,18
2164 3873,598
1188 12794,36
1883 237 316 3359,16
598 8895,38
104 133 1759 8200,340
11575 1311,181
2024 4432,18
16873 507 6568 737,5
5191 826 9151,12
1337 5161 83983,5
5272 6098,42
230 28717,2287
13991 191 2074,501
12322 2685 56,17
187 23269 376 4587,54
178810 2364,12
11219 46720,70
2250 384060 551,6
20507 2685 87389,97
1372 24181 79,17
1526 49,1332
1033 11170 4029,293
6002 944,63
1071 2701 2764,76
354 6024,2110
703 8578,5
2583 822,830
11714 8635,44
3276 434 435,8021
11515 1582 24464,10
382 482,12824
151 4715 63395,25
173 23269,1451
1033 2440 5624 6383,15
21011 2500,48
194 393 7197,24
1337 2025 60,121
261695 28716 3738 50906,23
1517 3442,123
1095 385235 45344,20
1075 31 428 4937,8
3449 9137,31
4492 508 63,710
1849 2086 38,6836
423 703,1984
1710 50611,95
167880 19455,33
11412 1883 30547,13
1095 651115,26
186 435 5696 7194,7
323 567774,345
1961 676,884
315 72624,41
328 3801 435,8
1897 2685 38 784,54
2360 619 63,8
3868 5831,258
1849 26154 2683 53768,30
19330 326,6
1910 24238 24240,6
1061 20701 507,48
15165 3031,14
14832 26239 372 4184,9
11636 5115 8645,20
104 135 2372,2062
12532 12533 79,141
1010 2010,90
1291 1514 5,382
1290 23269 7870 988,64
273 80 8167,5
118654 6893 878,1549
1468 3027 797,28
2685 3367 8694,12
49 808799,40
1739 795,1699
314 3320,1587
24265 434,12
6893 923,3773
1214 38 8632 91636,93
2701 3271 5071,171
1719 2871 304,1416
1888 5005,5
10399 8252,7
2164 2963,799
27566 304121 49,236
5115 733,911
133 1442,6319
435 72256,18
135 14039,14
1570 5,1497
34847 729,87
17034 33732,36
1347 47500,5
1095 462825,14
2377 3442,16
1301 2364 966,728
725171 878,141
11106 361,13
12960 223 3710 757,3359
1181 4871,70
26294 434 50,8
24341 9245,2592
10822 507 61,33
104 181 312,55
3150 45600 79 86014,9
16331 5422,45
17250 184 44987,27
1849 59248,6937
1594 5884,782
1095 323 37520,284
507 9193,259
20665 2541 48,53
1849 223 614607 6893,40
27956 7113,10
2279 2538,82
19596 38,23
17711 43084,9
435 61128,22
564665 5808,1298
10644 4652 4987 759,29
1845 4202 859,30
5115 8647,614
1403 237 369,7
2685 65633,94
1304 49687,83
159117 194 3300 79,13
1849 186 42 6893,758
1369 1897 2465 2871,38
394 79,51070
12960 3710 603311 603312,8
5016 860,28
12309 1232 1712 4404,21
423 5200 79,164
182085 8444,105
68197 7788,63
105 213 2469 5581,5
16372 41,24
151 2157 2797 901,51
434 5581,6462
6482 89851,39
12322 41,6562
180 6377 79,95
17818 3647,655
131 13615 35675,9
2971 527658 527659,77
3367 84961,5
28716 797 9438,282
24411 2685 877,66
2462 7103,9
192355 23269 361,68
106 16006,353
3367 8437,3690
15956 58924,28
114978 700916,25
106 22041 376 4181,23
2685 97188,94
10502 23459 4696,5
11384 1357,99
579 99,128
1147 7949,124
1524 8551 8552,2380
328 4562,773
1153 1442,314
3033 5725 79 822,918
1133 2437,9
5049 50652,98
79 9476,3824
20062 9650,19
207 40,7483
315 5513,76
146991 2683 52337 547,5
118653 3384,512
4808 5688,506
14389 1713 2150,17
1263 299 5429 63,6
15164 3033 5722,49
119 6339 7616,9
2181 49509 8989,279
1304 146 151,27
11562 57 7205,22
1095 387468,15
26056 315,486
7870 79,5528
12813 23059,49
63 9085,1193
49 6893,39697
183 2928,1113
338 392,340
1006 4169,23
23848 79,138
377 759,392
1093 1098,20
1095 2663 2664 31165,18895
2209 7559 7748,17
2074 5301 62092 7206,176
1336 2352,1979
106 1095 164370,12
24686 2685 6893 71168,941
2042 214,34
2074 68560 8437,50
143 3338,155
14819 3089 326 9182,19
105311 5651,30
134 31 48,91
237 9947,56
106 5502,2025
323 85536,207
211476 2147 2364,13
1181 3789 42,33
1095 532369 75557,5
12174 5049,559
1448 2352 393,21
10645 2685,2776
513 6893,3306
3541 8535,10
1813 5506,43
1282 2685,2740
1243 21605 315 36625,50
2023 4653,541
114690 11913 14737 3873,6
14819 5095,16
2469 3089 434,5617
1719 3359,406
1184 2672 47510,9
13296 2250,7
1849 2685 342287 468024,69
209 23269 63 7206,145
1033 2081 3709,57
1311 1792,349
1710 2727 63,46
118653 6893,1568
3110 80,49
1442 2769 8141 901,267
194 2871 61,63
26768 5138,19
1442 93,5296
381 394 8437,456
2352 4908 79,486
1245 312 314 5507,100
1421 20701 3300,56
1367 9450 9453,20
1649 551,145
429 79,24617
13500 139121 330,209
1200 4587,48
14119 44445,10
5138 598 608,15
2261 354,201
5 8255,160
13302 2364 8127,6
13689 355 901,6
1903 8437,3616
32949 5581,151
450 5185,5
1263 1287 438 5,18
5727 6687 7003,10
392 5371,90
2663 323 729039,5
1460 20701 428 6075,8
223 490,142
3159 527,61
221754 227483 6401 7702,29
1095 25223 323 858098,8
14720 2769 434 435,6
124176 323,45
1524 1617 40 65497,188
354 757,14726
1849 2685 6448 90584,321
1861 2025,141
11450 5086 886,6
1593 376 67974 79,14
3197 63,4338
1523 58882,19
18410 23269 31,21
15182 2352 299,8
184 331 64401,451
13134 2201,10
1168 410 5650,100
5106 797,2031
6893 918,11120
2002 3166,182
1849 2086 37757,205
106 20876,144
1301 2357 392 5506,5
172 2335 40127 50131,581
11216 2056,15
2608 2685,26
377 39905 6853 7870,703
1237 22854,7
1310 146,606
39344 8882,23
3158 557625 676,17
1813 5579,457
26998 5228,13
119794 3879 784 831,24
376 46179 52411 59370,12
213 709,306
1304 66,2341
1095 738939 9680,823
4994 527,463
299 34769,17
1659 4404 9304,57
2685 3710 38258 45036,435
12343 316,55
13 46932,7
1163 7449,77
1032 1417,11
223 38258,50056
315 4432 63 79,1229
33778 5727,36
2507 53731 548175,12
27104 42,369
1849 359004 41 822,6
3218 51649 5486,35
10805 1849,1369
27 287,19
1301 8528,350
104 26873 3019,10
1849 1953,7098
166081 3831 99836,36
425 6377,180
20897 2685 299,3563
144240 63,23
1033 1496 504,24
173 299 3300 822,24
1529 209 8386,76
12322 1849 6893,1117
11006 2685 6893 877,370
1076 1337,1859
5313 79 99,19
11072 29907 859,92
2962 5808,5179
8526 8528,2093
1524 1617 353 40,260
1093 323 409,4669
2352 434 63 901,505
3349 4962 66,7
1442 1758 17896,21
2764 381 5114,214
38 701,1678
14119 1849 2086 41,558
299 808,188
1095 24898,4898
180 1813 2023,9
808 8989,284
1362 16968 1849 6893,560
205 213 531,238
11115 2151 2282 9977,21
1245 180 312,341
1095 323 6482,10727
2200 64 6852,613
2164 309 7806,44
3059 9266,182
2074 339,25
2769 429,136
31 445 743,14
1714 20701 2507 797,8
1386 8257,82
5565 69 7870,31
1659 2683 757,27
1337 63 886,1198
12175 3141 3441 83,5
57 598,6472
18152 328,101
2709 752,1939
434 5016 5695,68
11072 316 5161 69,30
150 2023 426 859,5
12643 3278,117
106 507 97,2629
1712 309 3872,16
209 2098 3874,805
2352 382 482 79,5556
2147 4573,107
2769 354 792,582
135 215 5 5313,24
1243 1462 1622,35
3114 3189,5025
1367 5301 7804,647
2063 41 42 843,324
2161 41 425,10
220 738,208
1897 3033,2940
1849 379 5041,234
1243 1454 227 79,62
6893 8525 8526,4013
247 3540 676,26
434 79,85089
1045 432,415
1200 3652 4009,29
106 2764 426,13
2335 878,63537
14052 608 768 79,6
2344 822,354
1214 3159,2011
1524 1763,2742
1561 379,297
106 1200,1936
2685 757,15343
15795 323,4416
11651 13,48
1275 547,339
1075 4492,9308
1849 2500 7194,122
2881 826,286
2086 551 580,20
354 901,19348
3114 41,9806
1364 212,1734
1076 941,475
14052 5169,16
2713 602,827
187 354 4562,699
2014 3966,168
132 79,11415
1571 2530,756
314 382 425,528
434 5653 63,202
4513 797 9746,34
2352 65,678
3020 5663,23
328 6893,15940
11694 6893,1914
1526 4910,355
106 1961 323,3047
2151 4389,46
1719 233,49
1310 60,2090
183 748,2713
1740 6211,4303
1694 2174,293
2670 4432 6686,9
354 83,6933
607 68,702
1057 25,338
314 315 376 9488,3661
1893 3879,47
391 529 915,61
1745 3367,583
10748 41 42 970,129
11274 1524 273 3868,9
104 173 2360 3831,16
2683 729,9428
1460 197 7325,8
143 3487 5106 959,5
2685 354 5877,1248
1095 355 3894 676,61
1007 631,113
1622 797,6624
3879 759,1013
1536 5506,288
104 135 5422,739
2685 3874,54611
177 213,1056
4910 821,280
2014 2018 2508 795,6
2685 779 878,8463
312 382 9506,52
2352 79,29718
1849 826,11241
2851 4929 507,31
143 3037 391,7
315 4572,1392
1372 1460,815
1460 20701 315 3280,7
49 83 878,496
312 5064 57 7209,10
2777 2934 5235 757,7
1168 6482,7090
1040 1719,267
130 177 5507,105
607 69,6840
2352 3539,874
1301 2709 527,5264
2363 41 42,5
1243 3880 79,76
1016 1095,17542
209 2683 42,879
1075 1800,4245
223 332 3710 38258,2998
1065 1903,532
4006 435,2523
4043 4054,213
2328 4847,5
1301 2216 2709 527,39
19768 2086 3275,360
159 1788,52
1622 2161,279
35424 6852,523
2157 3367,341
2364 508 8257,8769
1357 41,2246
2335 2685,68317
150 2670,325
7288 9404,98
2798 316 7870,388
1237 2352 3328,21
230 79,6457
38 80,10488
1849 3114 3189 826,34
31 6757,1052
376 5334,219
482 8801 913,7
13991 2074 482 9650,415
213 2469,11045
1181 2641,358
42 9066,250
142 5168 93,14
10251 437,171
2807 464,684
104 8202,35113
1824 61 879,6
1442 6377,80
10269 2174,9451
10415 2162,127
39950 4809,95
3114 3150,816
1460 582,142
104 3749 63,461
15458 2162 63,10
314 41 7209 79,123
236 63 852,37
2685 3271,3068
172 173 79 9236,26
2086 7790 7791,479
10177 6189,297
1849 326 41 8645,22
151 3027 5588 93,5
1570 177 5507,97
150 4487,140
10269 12175 757,192
1048 2530 79,699
38 7788 80,151
1441 1536,31
220 2941 6854,446
1168 1442,146
434 9062,4511
3542 60 859,14
38 3868,1570
10278 14819 41,15
6457 9266,79
376 63 9488,6642
106 1250 63,431
1452 4091 602,12
106 505 780,60
11965 879,162
1514 315 381 5581,18
2683 41 42 431,8
3868 4910,244
2164 5614,17416
31 4657 507,72
1524 3089,509
2662 2663 5509 752,711
1095 1496,2650
1496 2488 2688 357,456
1896 23269,4701
423 79,50294
312 5565,3579
1849 223,54746
3141 5727,1127
1214 1511,10646
2201 3141 6382,4036
2805 3059 68,6
602 6568,459
1736 40,3764
2081 431,40
13927 376 5884 9000,5
106 2462 428,53
431 434,990
1935 434 435,1156
1337 598 63,1308
1048 2713 3757 79,16
1625 2115 237 316,176
2879 41 42 4563,17
1709 237 271,12
1033 11115 213 2200,56
4715 647,2933
4689 5999 80,108
237 665,144
2493 4319 8412,147
1729 2688 354,1126
1219 1336 41,6
193 826,635
10822 1357 426 8437,5
276 706,13
11404 6893,3173
266 737,41
5507 79,59113
2583 41 80,56
309 315 79 797,352
1897 2097 42,754
1460 901,1927
4739 74,21
423 602 79,1756
1460 207,372
194446 323,5586
1243 3165 326 422,6
2364 8257,49027
1357 5247 7783,7
3812 8676,6
1524 49 878,724
38258 6893,46997
1301 2709 428,3783
391 63,6574
1371 5369,118
223 757,4507
1336 4934 5890 79,17
1953 8998,7
1571 376,29625
1211 4127,302
2098 2685 326 3874,54566
1849 1851 207,369
464 7616,237
14819 1849 42 80,304
1849 19768 42,20916
2530 859,705
113 2047 831,10
38 784 831,1669
2187 9076,8
1367 354,10483
1016 2971,401
10269 5225,411
2998 393,75
1337 1622 394,445
7849 96128,10
151004 151005,53
15933 5660,18
116262 14917,27
30005 462564,315
115515 634560,28
44827 578095 770269,12
139037 94385,15
316052 339097,21
265538 49643,28
42960 73650,6
100657 38581,6
202739 292684,33
331822 396933,16
311143 7317,7
109742 114768 3698,53
105854 152735,5
374234 374235,5
187967 752145,18
264269 60966,98
207286 44166,22
29518 42421,53
145286 614364,17
19266 4221,18
48793 48795,154
664913 743760,5
2196 44837,10
35270 66453,15
525165 717694,10
28293 5759,13
86173 86174,21
21562 375381 574017,29
260441 43043,12
32569 66798,39
180876 6772,6
142663 360351,106
10825 43158 94375,106
16052 26471,282
50057 50058,11
22269 26618,5
12952 55087,5
160181 45631,16
805813 84745,52
188619 367722,18
8448 8449,55
130459 41872 676067,7
26319 26320,150
175121 225283,19
51237 58381,6
127400 127401,7
3466 644622,6
171727 4853,22
159942 421211,7
122197 19533,58
328792 812459,84
779249 824494 824612,7
15731 69816,6
221881 342618,25
615480 67041,31
527659 760876,9
102200 121327 16667,5
114908 47816,12
3881 39812,16
51280 68697,20
170496 305903,12
183032 443643,13
503725 573495,10
253259 47649,7
35345 43111,23
10698 120636,27
253072 4733,15
3920 4146,66
375812 386660,66
315735 71546,25
202739 615768,43
197857 35377,51
26882 48326,7
103042 53644,5
26439 7180,11
1098 109892 582850,9
429793 56381,17
219750 3005,6
4859 725673,50
181653 85806,5
151815 26000,8
16001 99727,5
186559 2916,5
263173 87122,6
114408 36818 462731,8
6897 76140,6
43751 48944,58
144833 198207,42
115699 145986,5
22820 70670,5
327618 76604,7
184182 24343 266468,11
37854 89463,296
19622 771441,12
11637 51110,6
496406 527994,11
2741 740745,33
659151 781183,56
323626 400221,17
154366 154367 210112,21
125401 284043,7
98818 98819,14
150683 57228,8
4151 95445,24
287058 360393,36
24520 31673,5
213685 600238,5
122434 244540,6
687204 726382,35
51727 51728,19
114616 118048,12
435056 516660,26
51953 62540,33
117618 58739,114
792997 792998,9
102836 31451 49293,14
1654 98127,13
104628 109997,70
205217 249844,61
145515 249968,36
11881 156118 233362,19
55606 95569,21
110678 171076,35
22714 35670,7
56759 56761,181
22338 84337,5
100502 118451,8
226433 226434,9
107840 52760,45
15342 60148,19
568184 568185,45
252228 42679,8
7709 7710,12
24858 24859,25
158928 28337,49
1039 42918,5
123699 429294 558564,141
101903 24128,27
198338 38660,54
464463 527994,30
105782 105783,5
114233 114234,48
241448 31535 33962,5
547495 563350,15
13479 2468,12
119464 217775,26
27360 81718,78
124053 36716,22
17180 52064,5
212721 645606,7
24496 25170,9
47895 94560,82
37907 76354,13
199241 31535 375818,19
106852 124216 130345 43438,6
475632 566877,43
139994 139995,11
318996 389565,54
390576 59522,13
182308 26261 522760,5
30430 7611,27
131559 135735,97
29068 6899,8
225533 241476 67534,5
132191 34829,6
668726 743364,5
14627 89463,296
145684 425802,5
26082 34445,89
11040 156094 156096,12
46488 9230,8
54049 54050 54052,41
58680 8716,16
111605 25568 25569,8
11013 184211 66108,7
21086 91810,7
17218 23271,6
7860 9105,5
137412 85866,8
171944 323596,15
506590 808015,16
255038 73079,10
151302 266454,10
16909 278506,5
44972 44973,24
429996 43583 956,5
144920 87410,128
323274 389652,16
123937 203054,82
48903 90813,6
11709 24555,84
144532 145492,14
12881 4793,28
43769 6067,11
16501 17366,10
202739 615769,15
37743 4697,13
18545 391302 429463,7
381431 381434 595950,26
140507 37640,19
158278 158279,12
206101 60281,63
43781 61629,12
82849 86486,8
85305 85306,52
360335 661661,10
30162 42246,10
23025 42915,5
143037 60281,13
649411 649412,16
35683 55379,5
155686 296570,12
360869 360870,5
109259 197531,15
125094 315061,7
121871 350009,67
38694 43433,7
496466 781088,48
16052 525176,37
52264 77256,5
361367 6867 91749,5
173418 99264,7
250349 624320,20
34449 40233,8
155883 189843 20907,6
51772 61222,153
269118 28589,23
138339 21451,17
18005 20709,12
292541 41159,31
179099 55193 55644,17
205954 783289,25
124453 88365,7
195715 637706,8
14973 39084,11
113751 18019 208377,126
20716 57049,89
144485 144486,219
707547 707557,5
16644 57454,17
100942 583071,42
49892 72546,12
26471 525165 602632,87
102790 56759 56761,8
263702 5234,7
127246 31964,8
116760 20084,6
106159 230074,14
335768 781639,19
187941 6212,31
23839 4192,6
203056 203057,12
405432 407113,53
282216 464970,18
403423 92013,5
103451 245698,6
264749 49577,33
14532 41816,39
193078 193080,26
173931 6365,5
40055 471352,6
115020 119397,6
22446 66411,14
20601 7889,25
43489 43491,10
21700 83625,14
10249 1201,9
1635 1639,5
3415 51591,14
36313 640060,6
151502 565947,31
38037 67485,17
400289 400351,159
147090 148744,5
59044 9753,39
184182 437921,19
119611 576416,5
178897 39499,6
40782 59781,12
24110 72987,7
44810 50915,7
10655 51885,14
197859 266835,8
50238 59327 59328,5
31990 5149,39
272649 99683,20
86204 89203,5
203296 52879,80
122617 133462 177439,5
37159 44428,6
311914 77213,26
12671 136267,19
112257 2629,19
18317 18321,5
117834 51041,44
233789 444755,6
