2500 376 971,430029
2130 713,145099
434 435 8137,543666
453300 6284 968,122218
1177 36625 69,1418709
13892 1849,362172
19768 2086 4699 757,308483
197 313 42805 79,2080122
1522 808,190748
1033 784 8380 9705,234701
382 43886 7507,293213
145190 3241 347 4573,164481
3710 615455,73693
597470 97869,568
26849 32870 354 42,2036031
12791 16540 788 9977,145596
1036 2960 758 9505,226648
305659 547 71781,124746
1935 2685 2997 6540,378613
28288 8089 91,1166471
237 336825,251651
4453 49731 5761,19731
12975 13389,23923
20936 2413 49966 5952,25144
2685 6893,422226
194 376 422,704635
43178 5138 5862 79,1902081
1719 36696,76139
132 15756 354,691216
2755 391 5981 8094,143510
1336 2352 242947 32468,164550
1442 3158 8309 877,300999
146 2002 309 7218,466531
1211 1655 18930 58631,42250
52410 848,78448
1160 435 45157,347489
63 94,2430141
1444 42 80,2699603
10076 329422 434 686,540766
143134 25075 465784 7946,24251
2769 694 941,319835
10971 14839 33824 9140,13302
10177 609 743,193079
173 434,692223
1511 2685,361553
40 98367,1454978
1288 19518 4443 63,1511031
13777 4691 5 69438,5106703
34057 347 7557,147900
2098 27558 772,173612
1253 2292 23682 6230,51831
1357 1462,76090
2701 3114 901 9506,368117
109 20971,368893
183 18651 5985 9944,274810
4908 508 5581,276983
2431 43021 5005,18670
7244 759,199818
326 33605,439016
3037 3272 53472,45473
5237 634 744,187466
210757 326 6893,637788
1736 218545 3141 5877,150779
213 3140 475 5100,313835
28264 826,112645
3710 391702 42752 6893,289552
11897 134211 20870,2164
19919 6553,10613
106 227169 416401 703,671523
12678 29501,2517
141178 3412 370550 534612,49648
1159 15971 17817,53738
2670 574,125481
109130 135 252 41394,506051
1075 6052,124148
26998 49,1723996
4999 63,1506231
104 650533,536030
2168 5886 834,149371
18425 382 594 7870,446247
223 3710 38258,251810
193 22233,243187
1154 2683 354 901,686197
1311 2151,135757
116 4808,438670
22413 4147 426 6886,220147
1243 3256 60,1501216
1159 2282 3059 428,320283
126978 6305,7545
106 6284 822,831366
42 426 4908,1795362
215 5581,291706
2688 354,409297
13870 247677 3500 50981,25456
1659 19094 4466,53718
3208 428 43,1868641
11459 151 5803,527324
2507 4934,192598
1719 18088 20258,76847
1267 737,114014
1714 64 700126,1504981
105679 69,1364142
1048 30458 3197 42092,171775
2851 5129 6908,35332
17874 18055 7936 9666,13138
218081 337 43336 87067,260911
104 37849 4181,561103
11006 254064 7896,20355
1021 12657 2656,68118
32937 4959 64,1496918
314 37301 381 5502,608720
194 195 79,2140009
314 376 55524,545926
13302 2356 8257,100612
146 227122 2653 8619,325620
10184 1625 5614 759,247313
26497 435,314055
155298 60 79,2690335
4937 5065 507 8778,437955
400 5624 878,389087
2663 2664 31165 42125,53782
1849 75415,358589
14791 19558 25729,1515
105933 115341 5581,48639
1524 184,628027
258 445 5753,321062
314 701 80,1846441
17426 4324,21935
33710 35806 53660,2663
184 4646 83,1722637
1040 1649,49694
1517 3892 423 888,399665
20584 29219 7900 795,221246
265256 9140,5007
1582 2151 59563,99475
1232 9591,52853
1336 2027 23998 7678,132362
124143 323,356392
14668 695430 7290,4424
184 18845 1923 64,1897386
14897 195782,573
1892 286517 762 79,1969123
3498 4368,22530
27860 4562,29823
106 3449,595601
21311 7678 8257 8292,116135
106477 315 41253 4181,324395
2685 779,410784
1910 52848,35925
15412 354 548 9971,448810
1267 205 77,1462468
1214 2685 42129,410348
129666 137474 213 759,371010
16481 32882 40962 7677,15251
151673 26765 3349,15649
1739 49 5227 54164,1742984
1070 337 3865 6635,293654
1177 1337 1919 598,384039
1851 5113,75300
137445 434,457002
104 138 1460 258407,802627
106 20411 72804,584988
144833 1573 6448,94693
20501 2764 48179 82646,51457
1460 35675 5161 8366,116443
106 1807 326 878,1062918
10043 1524 7631,93006
150 4999,263251
49 522678 71568 901,1859666
2765 3879 434,487284
381 38364,272766
1168 532599 5808,155103
508 941,338281
69587 7625,37047
4699 47747 58428,34576
2168 9506,66937
3280 71781 769741 79,1886846
5436 877 9885,188929
16968 5227 7791,63538
2151 2479 4558,98798
21156 683 9353 95440,175278
10867 23269,100927
326 4934,529643
198236 37249,2846
132 429 572152,482687
2685 38 6699,1971962
31 382 46646 8647,2221704
40142 79,1878613
11170 1915 4502 4777,68309
127410 4118,15174
3876 5547 56828 75845,35792
177 606 8998,411787
1214 40 49,2731356
25964 401363 4808,49114
34591 711 9384,113265
2713 300537,37921
12402 1442 27068,117765
28229 737,103259
221506 31 423 93,2968364
19768 75125,39151
426 55176,201665
15826 266079 7784,3762
10786 3271 9092,47986
146 50114 7563 816,404872
1095 186967 657724,192235
1095 323 752,519762
1629 3031 4847,53712
1406 339807 4849 822,293779
168033 2683,118472
1245 430 797 8535,367879
147651 437 731,339439
150019 1967 245 6489,207682
2074 89991,114007
1745 24707 316 9062,276650
11521 449812 821472 972,102386
49296 50,1832685
31 3539 605,2168888
15601 5357 551,120530
15203 18299 19341,9976
31653 31655 5588 90,1256736
333 59426,120820
106 281127 4797 701,804923
14831 435,314775
1511 316 4404 7403,302270
249782 58847,565
2286 23583,38199
118659 309 382 61,1548689
164490 2149 268 7265,550249
12597 12655 570,138464
2683 7900 822,395544
132156 1739,15854
391354 413 46085,98233
1367 3109 7804,106237
326 3874 524517 878,611551
1562 193 467739 5161,303166
11115 40,1463513
10409 14351 19455 428,249379
10341 12447 23463 8630,56356
193 59883 959,363145
1367 1849 2777 4043,475240
42 822,1947276
23337 56336 6159,6721
104 105782 3367,588605
1524 184 353 9383,780911
1075 4091,116586
1903 5595 8141,89545
11422 4822,12713
313248 3147,12930
10751 6893 8525 8526,275191
184 877,742842
1250 14494 196 3249,190985
16716 48985 60 79,2691448
18137 51905,2616
1104 1337 18483 46675,174863
106 43196,583316
1919 959,152880
388121 4828 5603,25157
41 5092 529,1648245
1809 1849 423,603678
1759 28057 507 80654,426308
106 778296,582959
1946 41 42 46845,2683011
425 9154,148279
1337 220444 5862,175738
1314 5610 941 9721,180586
151 697993,507307
2082 6238,35305
36075 51503,264
1849 3317,370521
1337 2187 66,1213757
1367 600199 7804,102159
1168 136882 323,437827
1282 2685 40033 74135,395364
14163 17530 337 6069,266087
142 4934,279225
1593 382,336079
15151 1746 194 3489,372398
12960 3710,74280
3320 35791 79,1887156
1163 3136 3389,64858
1376 15011 3281,74653
1181 30463,57981
2957 3490,39180
3136 6384 7782,20646
1249 35946 952,99302
20849 25754,2710
2286 347,179923
159998 9180,3569
1158 213,248696
13452 37988 78415,3856
748 77391,109160
131 152524,302922
254 2683 304,462973
26943 299 606,318122
1622 41 8500,1617661
1617 17250 184,606110
1709 2707 339592 6701,46550
148 316080 508 5577,398604
2683 299 382,621650
1915 301 35722 394,440900
23463 428 50642 5138,281188
10132 1849 4699 757,564937
1245 187 491343 797,483701
122673 8539,3981
354 5727 83,1570771
11911 666,94420
3928 8257,72687
31 490,2156333
19366 86,1277350
1320 174598 2685 409709,345866
323 842531,356393
1849 58317,358673
1524 4113,84413
132 202338,336980
106 2769 37953,638349
1903 23431 4990,76987
425 5138 5266,191374
1454 3789,47769
12474 18674 381 9287,290139
10621 1219 13253 33276,37375
3141 3291 5877,122403
375 5 734 7412,5108873
507 8630,410485
19768 42 69176,1800700
136117 16709 435,314290
5375 7896,14075
10652 12735,2199
1380 3283 90,1273147
2519 299 379 5247,414576
1714 1856 56388,109579
1953 8685,27045
2352 3329 64 79,2827838
16290 3880 5862 8292,78532
3065 8001,13896
1897 2465 2685 579,523105
1824 2710 31 879,2225066
2335 42752,97840
255 507,554744
107890 1337 30458 3888,164987
19768 42 80168,1800519
11266 1361 139253,15393
10070 14839 5725,28019
10625 194 19596 977,424643
150 61,1414290
1617 184,605709
17288 1807 20539 26639,69538
172 1857 223153 704,320785
184 2430 252 392,950055
2199 347,151640
570766 872,79797
1608 48584,27884
10255 10256 149 42441,188977
164923 6482,76988
169567 25223 389843,33195
1232 1237 40391 869,149363
1385 18151,24618
147271 173 2712,288406
1411 4955 5 9974,5107633
19552 435,313726
3873 60 83575,1424827
26903 5717,7265
1357 187 5086 7806,357905
376 46965 73480,269548
112685 40450 4107,4738
2336 2364 6284 9710,205234
434 607 63 79,2977736
37539 7482,4411
132 224858,336958
1076 2026,45546
13644 69,1380333
1897 33880 5177,96043
23200 743,92387
165823 26057,593
41 750,1630570
355 5910 7203,147251
2080 28480 44740,12598
1739 326 5227 795,655761
175336 3114,72452
1566 372 8010,163854
22747 328 6687 6688,296612
177 2685 2688 273,822283
2632 36114,10703
1095 18493 31911 3278,226310
1903 429 434 7802,658337
25969 556486 6098 748,117134
10913 41 8589,1578259
5045 619 63,1563721
1308 382 7958,309720
18653 74894 79,1879404
26 27,3187567
1571 376,320070
323 93512,356421
323 543401 6482 686099,362815
2799 4987,27116
17079 1712 7496,66437
2797 4127 9236,71403
1856 4998 66939,96733
3280 3876 83800 843905,48381
1772 4315 5448,20706
1763 183 82972,259551
12960 6448,82989
1255 177 79 9545,2071731
1849 30493 6992 826,455976
1147 2162 529 5840,175861
106 25075 326 52355,872512
104 23058 2373 252,719584
147271 189240 704,92131
104 115 1896 9721,851764
3802 405 9752,170035
2002 3908 886,186787
1522 9151,59098
206 9404,203077
197 235 9956,514669
15097 154 1582,210237
28187 7783,16748
240528 6893 90555,265079
3930 58,1403085
12063 58882,1113
26200 376 382 508,667820
1082 2737 772,125174
15764 60 701 79,2797270
1237 27735,33195
12095 2526,32692
4999 8573,37792
13898 157581 231690,1563
686 93,1459845
3109 487675,19872
1919 28716 8437,187921
1608 214 7470,260551
1980 2764 3189,75617
1181 127875 193863 7379,64488
14050 2231 27085 27194,24174
1735 2565 4561 623,138412
1896 23269 834 918,292205
2269 299,253743
376 378 382,572947
38258 530403 6448 90584,76508
4901 5 5052 584,5106608
1095 112274 217248 323,429910
1337 1594 2002 506674,206331
4439 72640 757,219609
142838 4268 6330 8645,31958
572073 85816,162
42 7255,1791891
323 395348 93512,356423
13 268 29382 5803,2792196
1325 3033 79 9506,1944897
18330 25508 2713 391,160253
434 45257,458890
292914 5138 79,1891465
2500 2881 7194,130837
271396 27576 918,99255
104 418 63 97,2689554
19594 80355 91703,1556
6696 7311 79,1883573
2934 392,217622
10495 316,208844
15460 31 381 39905,2229559
2356 424709,34881
16716 23791,12394
1622 1659 2231 449422,113288
106 12947,587729
1849 304121 3089 60229,375337
23380 566,95207
11219 4429 608 64,1599198
426 607 806325,324525
2685 47510 50941,318679
139202 2655 41 871,1686645
198 2642 423 59298,405499
3281 74438 770 79,1967837
326 434,860840
741287 8742,11469
1007 295228 941,176215
4563 997,134269
24237 64,1485490
135 2538 5369,357160
12369 1511 24588 743,153967
12718 43875,2337
130 150 8296 9237,635190
209 355 405 737511,628595
27434 3281 58432 7678,98699
1337 1712 596269 8573,222597
1441 950,171529
2701 5113 9973,104637
1304 156120 309,201729
13644 535129 86,1291335
2372 859,162809
12418 1719,77704
1473 19285 2164 4984,80059
38 6893 90928,1952850
3172 32122 35987,13563
432 66730 9180,222562
3966 915,116117
16044 209 2659,417949
1849 26957,358836
12245 20701 428 737,348026
1282 1773 4639,163909
150 3743 38985 8014,259771
2764 496 598,347205
151 16967 2638 7112,538360
15207 432 5581,268382
132 4003,348408
183 976,334008
38 5225 6191 7788,1882096
1168 13913 209734 735578,142262
118 66669 9312,269676
11048 13011 67488 9504,28035
1336 6130 779259,80943
104 5272 743784,544007
11274 1214 1362 43735,142821
2042 527 9287,185355
63 8257,1527178
58051 6482,76777
1453 2541 34519 40,1509076
104493 4432 6011,68001
104 2530 825,736977
23269 5161,129407
104769 1571 65040,82420
1211 14949 1719 45434,109320
241172 67418 7228 91279,5880
106 381674 742622,582943
1095 56817 6221,209159
10822 1719 18943,95505
130367 4460,6211
8801 913,100936
1314 1783 22969,38529
49 877,1835641
1849 3754 6893,496429
409 55232,117922
1442 4934 93,1454766
214 33813 56892,232028
1214 71983,120211
323 608904 791696,356392
13857 1438 5473,25155
15086 6724,15559
1243 13261 16972 859,272387
138911 21201,359
19821 4127 725,111723
207 354 429178,675173
151626 2807 7211,26523
155803 1659 207 6893,613730
1095 323 33057 58404,430498
1359 315,328403
13702 3189 74429 970,122767
11068 299 7435 9337,253554
1617 200 878,500306
133 3324 5138 737,543464
10974 545,102944
181 3296,261125
1253 2364 32469 527,321174
1371 225,262797
315 3167,298937
356533 605410 795 91,1318953
128537 41 434 79,3049561
584842 759 879,315713
16836 312 382 643448,480022
107 5884 7625,397072
210763 376,268394
118659 1558 2025 2074,153070
1518 16815 2707,43207
2098 2335 303336 59248,110100
135 249 3831 54125,470671
729 970,218202
1357 27005 394 9276,267807
3596 3813 42931,33247
516673 878,231619
213 7804,236442
323 63483 680336 762796,356511
212135 212138 212140 323,356628
10842 33530,2612
17226 434,457272
1301 1385 2364 53811,246382
106 1312 40657 5679,610016
428 580 779 823602,470362
3478 5581,56075
1845 4066 6968,62819
2525 4998 60,1428376
323 33973 6482,363020
2507 2685 38 826,2081157
10706 1773 68535,81720
49697 6211,11645
3033 354,441428
4026 4934 60 823,1538706
61 7209 79,2653511
19152 23359 6002,23201
177 273 57,1938879
392 583710,196199
2939 56821,8304
41 579 6026 81715,1651323
115293 353 37953 51726,186461
17916 2098 4268 535054,90118
130614 2688 5341 6893,310165
1524 8552,84457
12119 14799,6769
37511 8551,7485
5986 7943,14527
41 59673,1575015
117914 3710 645019,73934
3033 705 80,1561194
107436 2685 62316,317944
1044 337,298322
4443 4578,20033
1617 2683 27057,173918
1048 1245 15835 1892,231514
14231 21788 354 89351,379794
1849 2685 707609 757,726048
30844 312850 758 9642,116209
18315 2417 5215 5624,35252
164335 3349,15456
16226 18981 411 8431,152889
4181 79,1892375
14245 3386 6398 9506,41798
1181 1263 13719,144962
28417 61 64 860,2356427
330108 729,126257
46709 842694,146
2151 7949 8492,96246
1443 326,457764
2705 766,91646
2450 9327,15895
12012 15461 1719 633152,81154
20262 36625 53821 79,1893929
1310 21307 38,1862354
11765 7544,5509
1849 32870 42 9692,2016838
18653 23254 50821 701476,4847
17579 41157,3026
1160 1625,88245
17119 300 381,384926
12447 136375 144992 79,1885493
1849 2701,402977
198 30286 4934 58,1576282
1849 74401,359394
1219 1240 1420 8972,100608
2364 3281 4236,207443
3141 599 704,274125
19526 3701,32117
1095 186967,192235
11815 23852 3324 41511,43384
1177 47510,39328
3281 63 66379 7700,1530739
140805 375,116087
106 13061 1849 203415,895378
471232 8082,7350
10633 359 48939 676,251375
63 630 79,2758920
1200 19680 423,277392
1336 3049 37335 3883,77578
11010 2423,42657
106 41 5684,1965231
1337 64791,150850
3033 5227,101135
20282 2799 54675,17202
1460 3542 429,240320
1075 3037 4987,129030
1301 2364 66730,232564
1357 5429 64240 79,1911939
1419 2092 2250 73843,146432
106 35910 60330,583287
3080 95766,4795
4015 4271 5522 8207,40280
15141 186515 283948 48262,527
5138 71166 8501,53490
155883 180 61 67966,1431963
194125 98,1146027
28160 4558 6852 731,153279
1045 19021 2364 2528,192039
110406 1146,27327
12257 40502 665,70241
15006 2086,78198
10853 24008 5836,12007
1168 12286 726,221341
1367 3109,93508
1710 35496 838 926,255075
201 273 6385 80,1709027
1593 9488,87639
69 79,2740974
197 434 9287,652474
16420 1712 328 429,486981
1574 1575 16943 859,162377
12381 879 9505,176849
1057 43 61808,1742671
258711 2685 49,1867291
15136 1891 5985,57440
1008 213 38664 9902,233352
10514 37705 3862 7447,31600
191 438,406263
1903 24660 423 8437,415933
177 4934,417969
1255 1296 1935 877,319245
1849 3710 46888 616046,375334
1524 273 80 83,2467721
1713 17515 2035 58,1422868
3027 429,244769
1910 313307 497908,35199
41 43499 63689,1575183
121553 15942 17079 2209,27196
426 5429 80654,221212
133217 159470 174777 3412,49596
1104 28716 299,297356
2755 6423 89674,28585
1095 1736 184 676,872835
2687 2694 5,5106929
1849 831300,358547
1713 5994,21283
13834 312 7625,273032
1075 739,181175
135 25322 428,535140
192355 23269,95781
148177 315,290671
104 150 855,826464
1095 319913 323,429894
119342 1311 527 63,1619514
2711 47346 631386 77136,22268
21396 31507 3384,9720
2125 21277 3171,18820
489 816,191001
1967 2356,63605
13807 15745 1891 5375,35142
323 603008 6482,362815
2851 7970,31042
2469 3089 434 757,703606
2688 792,121725
2815 57423 68969 8437,131281
2963 63762,10815
7770 9471,18767
18154 213 7197 879,380451
5138 63 67107 79,2767247
2335 2685 3874 6893,449727
28692 5724 7194 879,186033
22574 435 849,710111
3772 6893 8386,283671
13016 1897 53159,100427
16526 3873,40501
12782 226767 39495,2739
11334 15151 39198,6882
222446 270524 4492 46673,38381
1370 198,164762
194 26040 79,2050352
12174 9886,14273
748 756447,109067
25248 326,438912
323 803433,356392
18481 886,157576
1496 1613 32903 45496,49381
2151 39,1428102
2168 23269 9501,146326
1941 347246 5251,13506
1057 4999 598 69,1533125
250 43,1960765
10380 1103 32469 834,95916
1794 34661,10493
29623 62816,1367
384042 586 8875,90240
3759 832,71363
573509 574 700139,104286
109853 423 6051,254386
1263 22413,90010
155782 5588,20997
415087 60281 83,1285565
314 315 4077 4910,620411
1903 2251 434,541950
1076 2200,72027
13090 527,162876
5877 5883 8613,65602
2873 30011 90453,29949
488444 7209 79 86207,1885867
1395 5168 7044 816,133687
2558 792 8020,106253
2163 2641 3033 5821,157334
738 7648,97865
3305 3953 5346,19109
134 18513 2248 33053,266493
187 7806,263527
2338 646,125338
2462 28724 428,254274
392 4994,224955
1774 3979 7348 93291,21549
106 151 80,2147151
12563 2355 8998,38683
323 6482,362814
65225 86130,157
1357 150 4458 64,1696352
2071 81691,14213
205 299 3223 85026,428742
3272 38,1846829
132 1857 429,515455
1214 1337 2372 47510,304129
4777 5845,14222
12975 376 394 49954,473567
1214 78038,120190
23242 31 4443,2077904
477623 83225,154
4696 788,138840
1311 2250 316 4330,342484
135 4043 5106 7866,372734
300309 36271 5138,45688
29944 700443,260
12856 4380 9051,7859
18055 25388 63 79,2759290
1713 3349 85,1463187
106 2777 43 5509,2100173
3498 669,122317
3033 42 826,1890304
50 709,1920047
11015 1240 5064 874,220448
181 873,348072
1778 434 527,605960
1007 315 5052,354887
1320 435,396023
1048 7677,157055
2098 3874 6893,297294
1214 49 5227 74,2615755
2115 2163 66,1130498
14915 1527 38,1847802
14119 2701 41,1619580
5 812,5109332
10884 1953 3519 5522,57748
1287 3664 538,153411
2201 2685 3141 354,757886
1849 392 80,1834814
63 79,2758920
183 4988,244328
4054 7244,47326
1304 1849 38 5225,2043931
631 683 8525 8526,289195
1870 323 4127 812,487484
11682 2360 2851 63,1536273
759 901,389077
2042 2364 8257,181833
376 434 5565,720705
1732 42 9312,1808150
2018 770 79,1964390
114 1547 713,435099
1849 3498 41 42,2859887
17808 1849 733,472764
438 816,234930
1617 795,262716
2664 31165,34771
2042 24539,33461
1625 2115 5235,111336
1526 2663 754 822,439171
310 314 422 762,737804
1296 1573 4907,136500
38 5999 6852,1852195
18567 2364 508 8379,356078
41 42 504 63,3362772
1659 299,284836
1514 381 9062,355679
213 2147 97,1498922
1066 219 326,620425
106 1095 151 323,1372612
2437 354 950,518404
20382 23269 4935,120344
2201 249 646,293987
1849 1952 3089,390659
38 5891,1841231
1168 974 976,346234
104 5653 795 90,1773004
2525 4502,52922
13292 315 666,386054
316 43,1847138
18425 23269 63,1575029
10748 1849,377911
435 822,560003
1827 861,131253
40 9438,1460180
434 64,1792484
5508 8989 8998,61074
19837 323 438,486702
3027 428,315047
1075 445,260943
1243 2871 304,354309
13500 2685 2690 38,1980635
2709 5 8501,5108477
299 6686 6852,268549
12694 2685,329802
1710 385 4217 4910,221761
11219 2163,40414
314 315 376,761360
1773 1902 5,5109074
10748 1518 3141 7788,197957
1048 4988 60 66,2198011
64 879,1600559
12694 310,171022
5 5506,5106403
1511 2710 376 381,609727
1896 605 816 831,385544
1214 1511,169689
6189 91 972,1265149
21282 5167,27125
2701 7669 8306,93253
1320 2098 79,1943855
2871 315,361379
2507 38,1885228
13804 429 6886,175185
193 2372 3876 429,442491
1515 2086,100245
1336 2023 434 823,669095
1154 3273,34548
1849 4696,386468
1311 1562 79,1919369
106 3329 3498 464,707129
314 4076,339460
3324 79,1888843
206 3255 381,478257
177 1821 3813,346795
331 355 5161,314422
43 582,1814408
2097 354 41,1814582
118 172 299 31,2435377
435 878,530264
1522 488 574,276982
184 1845,589705
2191 752,140911
187 437,441464
2663 31165 50802 752,145524
16269 394,219016
5914 80,1447957
2250 3114,147289
4448 666 992,170435
2209 3324 426 79,2008184
1857 5332 80 822,1642324
2086 223 2663 7244,379007
2615 603,94864
445 8029 901,400746
6002 606 7802,114178
1036 385 7448,170473
2685 435,614751
104 2373 8386,556488
1147 331,200543
2526 326 8366,471436
1194 434 435 85,1831047
1146 1442 2528,156079
1514 210 2251 376,468735
6701 80 877,1582655
1749 354,393150
1719 2896 3873,129896
1095 4789,202772
177 2023 3644 4809,442241
63 8380 859 9956,1615089
11694 2115,60154
1357 1800 4448,101362
1245 2615 3412 941,256895
192 2232 394,354342
1042 2364 4987,186099
2251 2873 901,280417
1245 1337 3349 5862,254111
14119 187,246461
312 7206 79,1990745
376 392,454684
2507 2670,112639
12960 2685 6893,427792
1314 3281 6052,108360
151 326 5235,913479
4698 821 879,303435
1160 1792 309 57,1746310
376 381 5899,514640
1337 1761,167921
106 1856 194 3281,966402
15870 2360 63,1519846
3148 333 80,1532668
19837 2909 309,162933
1571 8632,104027
2250 631 8257,227536
23269 361,183584
1719 64,1542483
1301 1419 2530,174975
1016 15795 2151,125173
422 425 432 5228,501909
1517 173 178 6189,499131
42 4964 871,1898031
37301 79 8437,1903333
1523 316 4845,249120
1441 173 355 38,2088506
434 50,2101465
2685 392 6893,596135
1033 2372 434,569935
1181 1897 337 41,1817451
1301 2216 2357 5763,166005
173 177 4513,571360
310 41 42,2746157
104 3831 8202,554953
2807 4808 5821,96979
1275 42 4847 5225,1818965
2061 2807 3031,63771
31165 50802 752,127268
1942 49 5467,1737245
2060 2479 3271 879,217121
12309 4404 9692,60446
15488 1593 6051 793,153348
1448 315,337826
194 2501 79 941,2128644
113 1263 505 634,471564
1849 19768,361845
12322 2437 4936 757,265737
14120 4661,17883
1851 5168,51110
1935 538 838,278012
1529 1582,59056
1892 7205,32923
135 15870 2360 93,1639321
1594 23269 2753 701,394585
2709 941,196133
2364 276 4492 9237,413112
1215 86,1292745
5 7244,5106905
1301 2364 3037 63,1642615
2540 316,256360
5041 79 812,1941860
1245 1314 2670 315,399665
12119 19768,44784
1296 1311 429 5654,316799
1274 74,1387753
42 577,1865519
134 1371 1608 5803,316616
2338 2685 6448 7121,355234
4670 7209,45544
131 391 9504,423919
1561 69 704,1459344
13016 4006 64 901,1677795
1856 28717 423 608,481769
394 79,1981797
134 8380,284663
1524 1617,102194
3278 3283 63,1520347
106 1849 46879,895938
1060 1659 323,419091
2777 392 757 784,516250
1065 1857 4054 79,1917415
12694 3159,38475
2962 5808,28223
1849 7804,375482
2092 309 3956 79,1978724
11694 323,369786
1005 7003 759,203398
1311 150 4808 5610,362291
1719 431 4816,182611
2685 326 3874 49,2117981
1184 1897 326,536744
1214 6893 8525,357117
1571 376 5 8515,5112112
3033 6238,92010
12563 210,150647
381 7870,316285
1168 93512,147536
1454 227 4935 6002,214448
1016 186 666,333068
328 49 6448,1934011
26596 35424,16726
13 1517 1967,2537315
1926 4698,38355
11598 237 842,348702
38 989,1898251
2164 28 381 9062,1902085
2098 2335 6893 918,392980
315 608 79,2075091
1016 1093 323,395574
23269 8366,104305
1710 79 91,2562839
106 1168 505 6221,824183
1849 7804 7946,384700
1048 1164 1763 1881,209309
1522 3255 3329 974,221861
1710 79 9488,1921960
2685 299,545152
1211 3300 393 426,395410
3172 839,99142
1282 756,172308
2092 4670,60318
1314 4492 93,1445007
112617 323,356413
10365 5434,17478
1419 1507 17853 274,185916
1473 2764 2871 445,295166
2130 326,472166
394 63,1627262
1813 5579,29322
13032 1304 48 66,2314904
2878 551 586,201378
106 1571 482,812412
1337 5862,175670
2701 3114 731,244490
1033 2372 316 3539,356542
1337 311 701,613955
104 57 63 79,3539278
2769 2934 403,169538
5227 7494,47402
1033 1892 41,1655633
11864 425 5718,158209
1147 6893,305170
207 2764 4058,365619
104 197 5653,722745
151 1976 299,771430
1452 2440 314 376,581959
69 9488,1385918
26596 2685 328 35424,583814
14772 1744 425,165969
2381 711,140588
1188 230,154028
309973 6800,3026
189673 67764 99185,284
549458 68657,288
108706 110170 142273 7087,3399
130669 473311 610388 626557,44
19585 49977,701
114630 23411 588243,718
540159 675434,22
157373 302125,16
199810 199832 287263 9862,2123
405416 717432,57
10852 10854 36711 64892,1817
14039 84580,974
725409 831134,62
13960 53560,1062
153421 97785,56
304121 508469 533926,380
526914 8571,3547
182618 44610,409
202061 337105 368209 40918,519
19497 288580,821
298174 60383,208
41696 60691,370
30743 308746 52641,977
166762 41917,360
216741 27615 8976,4171
250160 282434 31330 42777,678
272867 422450,22
35827 513692 61843 89335,406
120732 29070 85399,499
393077 402117,45
154366 746420,236
132470 604667,18
127465 232882 261294,175
30248 7717,2861
102529 183913 183914 183917,233
134609 47451,339
144293 20088 69082 90767,1329
149883 196224 52760 851924,785
28752 583800 89463,871
104224 197857 289714 85980,409
152493 392108,15
160095 224115 40084,199
106686 162652 262240 262241,353
12355 30787 32086,1227
161257 28806,508
38424 9364,4869
237063 853308,144
542975 8158,3540
26253 47329 633669 9523,2345
184064 83921,194
113679 85128,876
16230 28685 374312 712317,788
91233 95216 95218 95219,219
18863 52598,926
364700 829221,11
11776 15715,843
130300 130317 130318,70
144125 144148 144149,73
708044 784130 831499,44
167089 29289 30271 55199,1621
10383 31299 34675 6046,3675
12256 20215 40110,1351
12023 34603 79154,1222
22028 3760 55373,5873
186959 44565 641069 88399,1351
129718 33563 394886,764
27859 3506 39020 4312,8016
162132 22743,360
439959 439960,7
500526 60085 60089,306
240836 658848,270
126890 476707 61539,345
24094 89477,473
202665 5462 56080,4151
18588 23772,837
62879 91444,602
17740 35505,1164
162575 6135 94770,3133
69379 737279 808751 819840,226
110586 339834 855690,370
106852 116372 83178,384
123 212078,260745
58458 60118,383
10356 1397,7228
793192 832367,37
100753 234965,81
139826 87108,261
11511 143395 41227 61088,1275
317085 338236 66278,523
160709 30317 33977,696
20659 3350,9447
39471 62789 85217,536
133984 307666,288
338930 446556,23
21304 215908,402
19401 357337,726
221937 8878,3214
475632 693607 739820,430
32174 47785,594
262316 31873 418051,284
27788 40004 78798,1142
108217 108292,23
134117 168187 30711,233
237305 3982,3919
3991 4254 7762,23445
13955 15000,1444
389327 41517,183
17154 52859,1047
200814 568753,105
14015 32056,1323
10060 262411,588
12288 196785 604632 713358,383
293972 31945 977,87069
10958 283533,706
309469 87596,132
120334 85305 85308,563
112793 24830 34355 485812,783
250855 35252 49648,1015
15000 32726,1402
12949 346764 68751,780
119442 131017 162351,323
17280 202690,691
141824 3304 49676,4997
24709 61408,785
184217 36522,500
22625 35949 69544,877
29845 451944 452669,487
708828 839956,15
120055 243201 811202,48
124970 611923,198
395533 9906,2691
129931 18854,617
107936 426236 543070 94092,134
108779 242606 29424 59200,413
15019 15020 15022,988
101238 176590 279053 560037,619
147727 173433,92
13877 55136 91192,882
166136 45727,464
14451 5528 63563 6644,7383
266214 52517,364
274762 830966,48
145573 668214,175
561438 820638 830234,514
11617 1201 35188,11305
100948 155631 80899,409
463216 709951,164
147823 55461,283
12574 26292,925
106129 68797,399
344529 96999,480
121871 121872,430
154890 212497 92860,173
274152 67560,122
25760 269913 48525,622
17536 368747 9371 9622,5178
151309 217224 449590,237
262807 508677,33
20109 32120 32123 32124,1279
101105 54649 93829,716
104755 118416 38556 94745,373
16308 42754 533926 616071,899
142048 192195,24
171163 50136 7644,2204
109602 19300 55679 55688,1138
10437 3091,5734
12337 88566,983
127002 51648 722452,347
17478 603322,671
116417 70127 790262,290
104564 388873,54
52936 588298 754505,621
22171 327305,292
211780 220405,68
166431 613334,506
14620 350103 435056,957
28733 40244,761
179071 49802,640
177105 7739,3392
12501 170525 20713 336260,1320
192403 58336,538
227592 311046,21
10114 25435 58444 69466,1672
184691 392865 85579,349
129174 138872 674974,329
502285 68098,295
122549 47190,409
13489 235785 42429 85310,1235
20698 2647 487868 487869,5985
17551 19153,738
138510 4837,3773
38666 45262,871
20587 98272 98273,570
601454 78164,237
127090 97461,544
110554 450722,188
31453 42188 84929,1076
332826 55136 7875,3152
14532 20061 32896,1184
16641 32973 44036,1337
399920 90535,186
146340 225227 2862 552489,6517
156467 32442,532
135210 275487,62
10800 33286 983,86361
15141 19181 5482 7275,7132
190841 73469,245
21902 30876,931
144788 656913,202
10939 115210 178934 93156,429
138410 5938,2480
1467 463587,9857
26591 26592 26593 26594,710
103825 254238 33210,452
43504 50345,882
152427 483222,100
11342 420792 99543,1104
36111 40332 83877,1067
116777 38842,385
143217 161817 198984 295741,327
14111 223260 62917 92177,948
282017 52615,454
16333 65484,946
239623 364658 67318,563
156751 62879 68779,571
11776 619205,425
219513 30424 49192,1183
10118 154551 51201,1731
20458 45327 59860,746
31048 562072,405
11831 50298 51941,1343
111646 53595,344
234803 276724 648385,23
44596 45896 5233,4298
10926 34658 40790 495810,1477
366837 71131,514
144869 612092 668203 668204,448
10756 18276,1148
103463 6502,5232
272345 53100,287
110359 11919 3346 38354,7738
60254 672275,489
36542 579922,514
104059 16814 238385 31992,1083
114839 11813,731
109151 466493 590750 590751,481
11420 199875 33443 84979,770
54012 7010,2757
40366 92143,700
11978 206493,718
157343 512258,29
1401 42810 46089,9673
836770 88657 98713,224
264951 264952,44
309185 54193 64329,561
187883 31474,255
398240 70236,212
37996 39138,767
101186 38616,622
289609 45821,120
12504 13885 17955 34409,2152
31254 358072,183
455198 632285,12
111578 183657,229
239429 716447,59
27555 89762,441
110129 110130,228
81848 83460,175
181386 596034,243
23478 315865,251
496458 496459 6998,5139
13432 4551,5430
10773 14458,1998
40366 650323 744964,547
12873 790708,235
130636 216872 33699 66502,638
19974 211780 301223,695
256818 47736,683
115711 27332 7184,5925
21648 281731 67643 9670,2773
158575 29818 344739,532
129023 32738 408562,368
73402 79139,276
20979 43407,679
252820 51114,763
316768 34088,286
272456 277935,12
131940 155898 36716 464522,918
75805 75807,310
22645 633372,466
144965 656802,132
298282 692489 87457,619
57354 59383,426
271411 657965 658044 659330,160
1502 7860,10212
42029 48066,927
137920 172953 253304,21
109958 239857 290938 304102,224
248540 40991,393
