1109 1298 3515,124772
132 2100,52963
1260 247 332,96593
2 4364,1795477
185 1926 2,1806644
2618 55 85,422726
185 1926 4753,50894
1109 51,194851
4364 7582,42098
196 527,68948
1984 274 5565 7582,64196
4738 97,139650
283 284 55,432771
1134 1698 4489,35405
55 668,312650
326 55,323383
2016 428 477,43180
196 2753 55 75,452295
277 3697 44 51,486352
2682 7,1137175
1926 3792 4753,15964
110 2100,82666
1144 1589 4738,86248
274 721,52811
130 274,57773
2458 284,183277
160 185 48,219487
1853 4364,29960
2104 968,37370
160 2682,72833
160 4642,67297
383 459,44576
284 624 928,394797
132 606,67544
268 3285 624 764,308644
244 624 78,440365
268 3285 624,300859
1260 4982 55,351008
257 412,23649
2016 428,9703
121 1808,143968
2034 213,26321
1036 5130,49236
1144 198,142243
1036 55,348253
2682 3777,12137
244 812,165558
288 968,29076
393 538 623,110040
1298 23778 33 4489,184817
284 55 683,427819
1210 277,34380
247 2682 284 48,334731
284 538 606,239351
968 984,31847
1598 198,132160
238 2618,35700
150 1849 4738,82653
121 326,163229
1337 145 48 94,244170
1598 268,155944
1036 4732 872,67119
282 3777,17219
477 8114,38042
284 3697,187842
110 564,83807
1210 244 2449,179634
1984 33 4938,156130
121 2887,143471
1598 1849,60173
4716 5465,25847
1109 268 681,141137
225 55,325841
244 4377,163960
326 546 55,355119
1197 1527 2449 773,29497
1421 4145,7704
150 246,61470
18 2100 393,240275
257 855,27525
66 99,201213
1144 198 274 4489,186663
267 525,20109
1547 268,119158
2104 284,200736
265 2908 527 984,45836
1144 238 7582,82018
525 527,25581
1298 2815 3697,60030
1132 198,102639
284 29,329077
274 393 55,361951
132 3285 55,319107
1144 1589 48 7582,181169
150 3663,31853
1144 1589,71056
1598 268 7873,156647
1298 6684,35280
6476 75,177507
30602 584,42629
2433 624,221292
268 7873,114815
2036 30602 3424 8504,30461
1036 274,87038
1109 1259 1298,64324
1589 2450,56098
1195 1260,60678
124 60,243955
284 582 606,235011
1374 247 46,188833
1838 55,307187
1242 33 4489,163794
1259 2279,24459
265 4489 5436 58,209331
1926 2618,21376
2 57,1820462
3515 4639,87084
2100 48,129925
2036 3424 8113,16776
1766 8898,31035
122 244,201040
1772 284 3515,225799
268 539,134601
1109 2815 527,58785
1144 9,1186112
246 30601 872,53128
11555 1585 2005,18380
11079 213 5465,43237
160 4799,70342
284 736,189256
2815 4364 7582,61112
1298 4738 5436,89337
1144 33 4489,184148
196 5440,53517
1584 476 58,189675
1036 214 268,170446
4364 673 691,41221
1849 4489,31093
4581 7,1133771
2315 4753,10289
6520 90,96033
1183 2450 268 9111,156783
2450 57,137288
2753 284 55,428737
184 668,44596
1260 2723,51691
121 284,316881
1298 3515 57,201272
1109 2104,42718
290 764,30820
185 274,78267
239 2450,55442
283 4753,21116
124 2450 9111,63881
268 624 764,308343
1038 268 624,305560
1726 5465,25606
114 1584 606,116870
214 30601 30602,26725
185 48 582,192618
284 812,185205
267 277,26991
1260 1820,52031
1132 196,64920
1374 2077,6506
193 4364,38360
4738 7,1132162
1197 75,186827
2458 55,308908
2460 4732,33963
1726 624 71,337097
268 624 7873,300869
247 90,131932
1259 2450 9111,57275
2305 4489 512,27694
383 8504,13759
283 40 624,346047
1421 2 9,2067994
288 33,162538
1585 1598 3373 55,350278
1210 181 2593,33053
375 4755 66,149326
122 225,65339
239 244 265 279,204019
3590 624 8553,222672
29 624 78,435239
268 4775 58,289471
196 71 75,342006
1849 4738,55661
225 2736,28145
284 3515 84,351977
247 284 3697,221804
196 2279,59600
1726 29,164883
279 94,110357
103 1589,88101
1036 1109 4732,68997
2463 30601 872,22484
110 573,82341
2077 5465 624,224465
1036 673,56390
40 4364,149369
1210 2433 268,125590
1132 1589,31107
1598 624 8898,243541
110 1459 90,168131
1036 4799,54450
1584 393,43227
160 6476,67027
1210 1766,36800
1374 2449 55 984,319037
2618 71,137023
1589 4738,69648
244 4716,165623
139 2682,43473
284 4982 55,422768
198 2715,92758
624 68,407645
1421 3424,12601
1585 928,20004
2460 247,58614
2 284 6520,1793746
1036 145 2969,96956
1726 66,118131
244 268 624 8898,449257
2682 284,187296
29 51 7582,338068
1132 122 55,348906
1036 3515,128291
564 58,188660
160 773,71199
2 2748,1793746
1144 1298 48,190046
412 624,228467
39 4080,172056
121 2,1793746
196 681,59018
3792 55,309016
1298 459,67828
11079 48,127878
5002 71,130066
1134 239,28570
150 288 290,56038
1298 274,71710
1726 225,30741
1132 574,22559
198 3537,95824
284 4364,204864
1144 33 40,291740
1036 807,62469
225 275,40408
284 30602 33,330427
2715 539,25487
160 899,69307
198 257 7,1175795
1984 3777,11039
2450 928,47029
1298 283,46076
193 55,315417
55 8553,305042
284 529,189678
1144 4489 968,79522
2 8 9,2180302
1063 1589,23180
1109 681,28893
527 807,32950
2278 284,182998
33 4489 63932,162825
110 582,100565
673 75,182215
1698 58,185447
196 449,65284
11555 1585 1598 624,245870
198 55,385021
238 3515 538,111995
284 66,283997
1260 1589,65047
114 29,226886
2463 282,17651
1127 721,17052
145 94,130858
132 235,59330
239 284,192097
12144 7,1133402
293 71,141720
1598 2465,45707
2 559,1796735
1259 624,235194
1036 2618 968,71683
1820 606,26098
2279 326,30790
12144 33 4489,160963
5465 6400,32386
1259 4732,30687
214 290,27402
1197 721,26493
1144 1242 33 48,281308
2433 8898,16054
284 55 606,439468
1698 33,153283
47059 47825 66890 93082 93738,72
11164 25707 36458 41788 48389 57611 77494 80113 91670 93785,78
2598 6946 23168 34550 56634 57758 58469 81710 90862 96114,54
975 24469 24819 51522 65640 89797 95689,111
4832 38733 42838 75340 95988 97989,128
20483 59844 81073 90205 97613,17
18962 24191 28160 38955 64927 71176 75993 82250 98063 99019,59
18445 32366 43471 96139 99027,24
258 2266 2356 6895 48949 89520 97303,631
48664 59401 71769 92213 95387,7
48405 49758 54302 73109 90302 90658,22
26 19609 39202 51042 57614 76330 77194 87410 91108 91737,52
8600 16894 18392 92821 95474,119
37877 41483 82529 86842 95328 97131,43
9863 41934 65752 84447 86467 90367 96913,31
4682 48501 48805 69766 70229 89268 91034 96609,363
2334 25270 43923 52486 69954 85537 88690 97548 99049,871
19097 45600 53478 85216 94546 97389,70
26529 29514 35591 59158 85740 91676 93950,21
631 3696 27852 29878 76240 77373 92219 97986,591
17368 27777 71070 73079 86611 97646 99135,26
34493 41615 67157 93324 98537,15
5101 37651 86064 88690 89575 93767,19
7990 41919 45486 96873 98378,91
24315 31875 38493 49053 69353 69515 90420 97200,27
14662 27442 32209 49048 59990 78131 84179 93206 98578,41
8285 23488 25586 33226 38464 65832 68813 84253 90254 96846,98
31615 67097 87958 95805 98493,7
10576 12821 14101 16725 18914 32528 45159 75759 95844 98578,248
7653 18192 22384 22695 51436 82955 94745 98505,122
38501 43986 46601 58639 60296 72355 73171 88777 92431 93870,66
19759 24957 65243 92588 98412,24
37782 41011 49679 52257 64019 89592 91492,16
9295 11623 32006 34700 51275 63716 68660 95525 96558,115
20700 23655 45424 52489 55350 68403 84479 93034 96109,85
3746 9103 9848 28883 32333 40921 94033 99216,86
9300 16149 36989 73444 89771 99279,101
44577 53865 57815 92959 95109,28
1231 19123 40034 56314 92990 98010,10
3386 20916 50959 55460 65959 73175 79162 81682 90998 92812,23
7041 34768 49293 54058 54913 57283 85731 86608 95441 97497,53
31730 41940 68174 88076 91837 96676,18
31582 52850 74591 90372 95444,16
2852 5245 22425 22639 53846 63315 90265 93571,47
21676 28105 44108 47773 93075 96796,63
9720 14559 14669 32261 46198 46712 47769 73233 99125 99359,135
8494 16586 18391 30931 90790 96446,236
17180 33379 36658 75352 79327 94237 95505,33
50492 55977 69263 89554 92254,9
41235 79609 81110 93659 96399,14
15764 22137 43204 55006 85651 94033 95390,13
35547 37341 37806 60357 69965 73529 84797 90096 98186,39
129 55125 68743 94936 97959,95
12483 19847 38351 41914 44245 66114 67024 96532 97441,62
32525 39218 47147 75044 82871 89748 90490,29
10078 11463 17553 33960 53228 62222 72625 85559 92392 98098,136
13057 35819 58172 59417 69762 90742 94332,20
9419 15545 46272 69467 72147 80202 93481 93859,100
3634 27081 33968 37448 89611 97571,27
13250 13865 22808 25220 48800 55289 63890 92346 97998,84
8006 17666 39701 81481 85138 85184 86428 89688 90851,41
11663 20584 52192 69408 87585 94411 98014,154
872 19052 29062 94298 98328,16081
792 3131 5124 12932 15672 51319 53324 91170 92047,400
11765 64666 78870 96461 97431,217
17364 30833 49582 60832 65357 70862 94360 96206,22
8686 21826 23099 25338 42545 67632 70009 82596 91540 93126,59
1093 26795 68687 98885 99153,252
12883 24558 45494 52746 87724 95738 95862,24
3712 41094 42713 80765 86339 88302 91436 96271,22
13982 15866 30993 71546 84518 84993 95873 97767,151
20594 33010 43954 49801 60375 82749 87312 97360 98811,25
19424 26411 27416 70473 77430 88667 98580 98811,25
5547 16471 42993 93811 96174,23
6130 7435 11556 18052 57370 58086 83943 93860 94967,123
27072 42710 45108 45419 60309 76219 85979 97336 99206,32
50318 62748 74231 96915 99220,9
6892 19486 82351 93435 95603,18
24999 50065 84581 88867 89210 93721 93893,16
9135 16322 23254 25569 46534 61210 74657 87736 98239 98312,347
10242 32306 49637 60772 62587 81745 91361 97349,51
11961 47858 81203 85102 91160 97721,113
6830 26517 34037 83684 86979 91816 96973,26
23197 26981 36583 51185 86286 89936 91956,54
16154 20273 32745 52322 80692 92341 97925,110
1701 17664 38641 45012 83265 92626 93917,171
235 19189 24383 47857 50636 76587 82651 91894 95088,8426
5801 30423 85028 94731 96592,154
11917 55636 64596 65753 78947 91556 95942,285
13605 31043 49596 68260 73411 79488 95643 99176,31
6471 40701 52589 54627 57991 66328 75644 80370 90759 91970,27
4785 24240 29905 47011 64568 91746 94591,52
2799 61605 81652 96036 98088,125
5471 28586 41040 54333 71091 77794 92706 95869,140
37121 55141 60137 75518 87686 91954 93073,20
5156 25145 25393 53429 54454 83869 89300 94992 99111,35
9137 14772 22369 56199 77955 90025 97460,42
10410 24194 39959 42363 84588 91619 92815,203
9696 48012 50339 51653 56181 57693 77951 93695 94573,47
9754 14958 22045 35127 40514 49562 53146 71816 91085 97515,87
