122 244,409
1144 1298 23778 4489,532
1134 145,6
2687 71,319
9403 9916,270
2609 268 3286,186
33 7582,4582
353 48 900,9
1144 239 4364,37
10207 55 8957,127
288 3777,31
2 9435,45
288 30219,43
268 4377 624,200
5465 624 66 78,53
6456 773,72
160 2771 685,5
1144 1598 33 4870,6
2274 624,510
17105 246 624,15
268 274,11612
121 4142,20
2618 624,3426
55 6400,655
2815 284 624,25
1598 764,6814
2 596,86
1801 621,5
2267 288,6
122 1849,41
1036 83750,13
283 3515 538,18
284 326 6811,146
33 4738 7582,3259
110 582,9770
1620 4080,14
1036 2136,5
1036 2116 2690,5
1044 304,47
18 855,102
122 571,484
132 2853,54
2036 3424,4563
121 1298 198,130
1598 947,1102
11555 1585 1598 5028,16
1589 244,1503
624 84,1979
160 1625,138
208 900,34
198 539,171
132 55,23006
1167 160,77
124 29,49
11168 5465 624,142
1116 122,14
239 624,2530
2258 3191,174
2453 477,265
624 9778,169
1210 225,96
284 29 3515 538,67
214 6921,23
1589 4898,66
11079 1210 268 624,182
2 584,1351
4885 538,12
284 3515 538 9819,23
5627 84,5
1109 1585 624,562
2104 3362,5
1375 419 56803,8
15239 33 4738,15
678 9271,54
5114 5115,629
196 55 559,75
639 99,9
1766 2450,5521
1598 2077 624,1072
1260 683,62
15695 196 55,7
55 6428,161
18 66 683,11
1197 284,1060
1144 268 4738 48,250
1195 268,4301
1242 1685,499
196 55 90,257
1036 1298 8957,37
196 2258 55,49
27346 3663 9,8
1106 18,19
1298 3424,104
10356 624,6
2 465,2295
3697 4755,5136
198 71,624
23778 4489,3134
2687 85,6
33 4738 48,774
230 2817,81
353 538,26
110 1459 56782,226
55 9846,104
1585 215,71
2433 2593 624,2702
284 8633,19
103 18,74
1132 353 55,49
539 574,207
213 326 624,48
2739 284 3515,12
33 40,175
3100 624,687
11527 624,785
1726 18,242
11079 1598,3090
23778 28930 48 78,34
11178 1144 4738,16
1298 145,718
1799 1801,28
121 2715,738
244 8240,26
2 2278 284,38
12563 55,17
4623 820,341
1210 2449,458
122 55,765
1336 284 4427,9
1585 1766,490
160 4240 5001,98
11528 9819,7
1596 18596 3515 54701,5
1373 2,350
1036 4732 5531,7
122 58377,5
121 539,841
122 238,82
110 1459 419,12154
284 449 538,43
624 71 9183,17
1018 624,95
5501 78,6
3845 4738 7582,13
1585 678,185
160 1992,36
624 8898,14694
4716 55,439
2 2453,547
1210 2433 2593 268,2306
1656 6520,37
110 419 56726,27
35033 624,7
27666 284,106
1298 33 9932,8
11555 8649,6
1036 105 4732,46
284 449,326
3515 90,49
1598 55,7170
2262 7,7
221 5049,15
2752 624,50
5202 564,5
2005 624 78,249
1230 1849 4738,83
2609 3285,1774
124 268 84998,7
184 688,5
2 4535,6
538 5734,6
3492 4939,6
284 3515 9101,5
33 7962,226
11237 4273 955,1853
235 283,34
2258 268 5049,26
393 624,1162
114 268,61
284 8729,12
1585 244 3285,19
196 4646,30
1585 3412 55,12
132 1589,127
1036 23455 5130 955,9
1038 5465,113
1766 268 9811,404
2753 55,1665
1766 268,4368
4755 90,78
268 3590 7873,3165
268 55,2372
1210 274,91
1195 3041 807,458
365 4639,13
284 3515 8551,9
2 33,742
10338 268 55,42
121 624,935
2 2740,174
213 7581,410
1683 244,43
5080 78,13
122 160,266
121 160,16458
198 546,196
1585 244,2179
110 6348,410
501 71,37
4374 4738,81
244 4051,26
284 624 681,29
2 2022,42
624 9819,1328
198 3041 807,5773
239 538,132
10486 55,60
1260 1394,18
274 326,154
1766 268 624,4198
1144 11718,9
185 84473,19
1036 5465 624 78,56
1819 55,105
247 284,5231
150 5465 624,548
11079 37897,33
10518 9155,337
11098 2450,7
1298 2789,336
71 75,908
160 3021,44
277 546,64
198 4977,18
1766 624 78,1722
17418 477,7
1210 268 955,2338
569 676,5
110 1459,16102
1598 196,449
238 284 624,67
1132 527,46
268 3590,10072
13494 55,8
1266 2460,15
18 2019,41
268 282,483
1036 194,478
1036 5094,297
180 2783 30356 624,5
5049 6400,10
284 678,505
121 160 2036,80
4755 7468,5
213 624,6060
1144 33 4489 4693,5
559 851,107
133 244,84
2450 624,39291
1598 5465 624,1144
268 4560,13
244 4560,101
1036 2969,1356
2100 624,523
2034 283 882,6
244 685,156
279 677,22
1766 213,1019
276 68,8
3686 4489,23
3267 51,7
2430 624,522
55 5651,93
11850 196,6
2258 624,2093
326 55,3710
220 55,865
1036 4581 4732 71,37
160 1926 3792 636,1756
33 88659 949,12
1144 1862 274,20
1820 2104,49
121 1849,198
284 3068,21
239 284,1110
1349 5270,11
1598 282,694
1818 198,1781
196 6780,23
1144 23778 4489,3133
512 55,1274
37355 538,6
1598 807,177
284 538,39735
10110 624 764,138
4051 8339,28
22842 3515,9
564 58,155
2258 268,594
110 1459 54649,388
22723 284,8
2 4642,443
110 1459 56522,95
1421 6520,95
1598 49843,20
1192 198,18
150 244,3573
1036 3663,858
244 2753,1315
124 2536,168
198 4364,213
139 3172,6
110 56707,383
39075 4738,59
2232 284,85
17379 213 624,334
1260 3204,101
12159 1589,66
268 7432,8
268 9098,8
5898 8113 8114,44
48 5565,861
3515 5824,6
10764 284,50
483 624,192
1024 2,171
2450 4755,7
1175 4738,9
1132 58,165
1298 2457 284,5
1992 2682,5
1865 624 9111,6
10490 11100 2104,1136
4778 624,983
5325 7170,8
2900 4755,44
10521 110 1459,417
1144 198 4489,65
1585 275 55,18
23778 3726 4489,362
1023 78 79,48
1005 564,5
2038 225,5
2450 78,210
1820 57,11
244 4080,130
268 274 3068,6
1598 2449 624,1453
2906 7,92
6123 8898,38
1375 419,5255
1195 1210 268,26
1036 26681,44
3515 538 7088,27
624 820,20
4738 7582,13240
4377 624,3220
214 6400,39
1230 1849 7,61
21853 3792,13
1038 196,397
4799 5118,8
110 419 56685,35
14266 1685 268 4738,14
624 6684,1525
116 29,84
11575 3515,14
1183 71,574
145 2719,20
1132 4364 55,26
1838 55,784
1144 48,4772
150 538,359
1144 279,131
121 1598,219
1403 55,265
2269 268,6
624 8612,18
247 57526,9
198 2712,218
198 807,5848
121 2,1365
11406 1144 33,18
2618 284,1677
1259 59,318
1144 33 4489,4095
1036 998,718
1036 121 4732,136
1336 582,471
1298 2009 5565,5
2258 4377,703
538 8832,11
2 2450,591
121 22846,22
121 35,64
284 573,225
1122 284,983
268 624 85 8898,23
18596 3515 66853,7
2 7732,7
12144 23994,635
2077 764,173
1584 1626 2,14
121 232,74
1585 55,1123
225 3525,15
4738 5158,19
2618 284 85,172
2 822,612
30602 477,71
184 5745,66
2 7108,46
1584 2 606,1419
1808 282,13
185 2 3680 92,7
213 8553,271
1589 268 3590 624,346
1683 55,118
284 5098 55,25
3100 84,24
196 55 736,336
2117 9,11
11115 1598 624,29
1926 5620,105
1849 4738 6579,5
284 538 6020,8
1298 4753 5565,151
1210 624,8628
30601 71 872,118
4175 459,34
1598 2836 624 9271,11
145 721,51
198 5644,40
1038 55,1847
160 16409,6
5114 5115 5116,394
23515 63932,11
1195 546,23
244 326,3239
1259 284 55,243
284 605,320
1298 639,56
11814 4732,75
1259 1298,173
250 624,1758
139 284,539
1459 419,13233
284 326 3506 538,8
2450 5854,105
122 7468,14
284 68,343
1132 1584 2,636
247 7764,433
2293 33 4738,110
1242 5392 9427,10
1685 1984 4489 5821,34
11496 5130,8
1144 4489,6627
13396 139 278,108
246 8553,41
1144 36246,10
2815 51,948
132 984,4899
55 6238,50
1109 1459 56711,14
31397 51,5
13137 160,892
110 1375,5682
2190 3680,28
196 3684,10
150 624,9386
10503 121,30
1210 190 268,42
84 872,198
1259 3515,586
1527 5885,190
1598 244 764,753
1979 624,992
1144 1589 33 4489,22
2100 68,130
1434 2682,82
1036 4489,194
1210 268 624 9811,1828
1144 7582,15554
2732 3515,9
2 2278,769
4701 512 624,8
395 55,31
4364 676,16
1259 99,163
1298 4938 5565,1115
1144 247 4738,89
284 5659,26
198 3041,6006
1829 71,21
7639 8307,5
412 8553,125
1091 55,190
2 58,3164
1210 24455,19
1849 4521 7 9,46
5001 5002,410
1781 2460,20
1259 1683 268 3590,5
58 8399,11
145 2815,58
268 3590 412,1873
11444 267,17
2718 44,11
244 624 8898,213
244 2450 624,1130
11806 15334 1598 764,13
225 64,41
2 624,3296
2279 326,1209
55 7990,10
185 3792 4753 636,1665
1838 2450 624,485
33 79494,39
284 8054,9
288 624,159
3424 8113,2169
624 71,4660
284 9195,19
538 606,677
132 55 984,4875
22921 624,44
5465 624 78,11578
11079 5465 624,2471
274 4898,167
29 9597,69
2619 930,5
1589 2607 4701 4738,141
1063 2790,6
244 3076,21
125 3515,17
12123 284,6
1127 449,328
1144 33 4738,17122
133 196,93
1598 3369 764,137
257 3622,7
14067 538,8
1132 55,10122
2 4153,46
124 5720,370
1584 19006,19
2 3755,866
185 19971,8
1375 56702,13
284 5440,536
247 668,927
1128 225,27
1964 20110,13
271 4248,25
238 393,121
1599 764,163
4642 55,456
3515 3602 538,31
14813 284,14
196 55 573,12
1259 1906,59
15169 268,93
1698 4639,50
110 419 56650,65
132 3655,10
238 2815,134
145 94,1292
139 1726,32
1109 5187,4141
624 70571,7
121 544,94
160 4135,40
11079 5465 9196,6
11079 1109 1598 3373,96
33 44518,8
4581 6040,22
1144 1589 6205,6
244 678,832
1491 196,7
23775 244,5
17111 4799,7
284 3515 538 9098,6
1036 11745 4938,9
1024 75,294
4389 624,386
2363 8,748
606 989,23
1585 624,10131
2 6555,28
55 58,1428
198 20407 2682,8
11265 356,6
196 2902 55,44
1183 624,360
244 4265,28
244 5049,1823
1585 1979,259
2 225,1271
25666 284,189
244 3740,286
1018 4377,22
1298 2916 3515,7
268 2687,254
4738 4864,52
139 2514,5
110 1109 56713,11
3697 620 7,165
110 419 54649,474
29 393,502
624 955,4560
4732 4935,56
3515 538 71,546
1984 3074,23
11015 1849,9
1598 30225,19
2 284,3466
1036 5130 5598 955,45
10173 284,5
110 419 90,178
121 5317,34
268 2844,31
150 55,1744
284 3515 57,82
2618 84,1363
238 2453,203
247 283,93
1260 1584 2815,83
196 559,75
1984 4938,2604
194 198,94
1036 17038,60
11979 83998,7
284 7120,173
30602 477 872,71
1195 1849,155
3590 412 8898,1853
10954 4732,6
250 8552,145
198 2009,70
26692 624,35
14266 624,25
1260 51,938
277 545,9
419 75,1178
1589 247,105
268 4364 44,40
121 1298,665
160 1769,133
1584 58,3202
624 678,2678
121 51,188
1109 12144 3515 5187,150
11456 268 7581,18
1036 1109,503
247 75,473
180 624,484
14582 55,14
1044 383,62
2815 3358,5
160 6323,17
1772 284,2038
284 3515 538,39594
10500 55,29
268 412,2030
133 948 949,73
1585 15973 624,54
4377 624 9191,10
160 582,193
185 4753 636,1665
4914 624,137
1017 1375 160 587,5
74 8,12
2454 3646,13
26889 4753 636 97,26
2 4612,44
1144 33 6430,40
284 538 639,16
320 3515,9
2 4738,562
1298 284,1024
145 55,23
18596 3515,480
2803 68,26
5015 9,5
3537 624 78,468
624 7810,407
122 274,81
225 7786,1024
33464 3515,5
1183 268 26860 55,27
20055 4738,17
1589 529,485
198 5834,58
63932 7582,397
1766 624 8482,58
15537 51,14
356 692,50
1766 5465 624,1691
2682 9819,101
29 465,303
244 6400,1873
1135 4830,9
132 606 984,101
1144 5392,4787
1298 52306 9,204
3515 538 721,132
11522 284 3515 538,9
284 618,108
10521 110,530
132 20208,154
6991 7,214
673 685,39
773 90,35
284 55 66,412
150 2450 4716 9111,62
1144 33 5392,3182
244 681,443
55 855,561
10490 48 624,18
1222 238,9
1298 3697 4755,623
11184 13137 160 92,720
1598 2449 2450 624,309
20208 55,550
198 525,115
1589 213 2450 624,8
213 7873,188
1838 196,351
1144 968,506
284 9522,20
1144 32246,7
1196 68,259
1274 265,24
132 2987,5
2815 284 685,33
196 676,29
30601 30602 872,13042
2611 34645,14
1298 48 78748,10
1144 12144 942,5
1547 8307,7
110 1459 56631,105
1598 2465 764,445
122 1726,369
2771 6400,9
624 9648,130
1236 624,90
3697 4639 4755,64
238 244,892
45823 4738,329
1036 1109 213,8
2005 2609 268,60
2258 55,637
10 1374,26
122 2246,40
1598 624,22622
284 73,87
1036 4581,3618
1866 284,222
2361 66,23
284 624,8280
14125 2450 624,25
198 5929,73
1903 196,88
12112 1589,5
1598 624 764,5519
268 624,31895
198 5843,5
584 84,39
15334 1598 624 764,1691
150 9787,353
1144 4738,38455
213 4911,5
1144 3450,24
1298 185 198,11
122 85,1032
284 55,58296
260 506,6
198 2,1146
268 284 4364,788
43805 48,18
337 735,7
121 2815,718
18801 3515,9
4364 6579,9
244 71,4182
1259 6244,6
14474 284 538,5
239 268 4364,277
11079 529 624 8482,188
2618 71,1847
284 3515 4421 538,9
1298 23394,43
1898 244,146
2104 274,4499
1210 412 8898,59
160 46,666
2450 4377,333
284 691,317
277 3777,6
2682 872,104
2815 284,900
2736 40,337
268 3590 624,9450
284 546 55,246
1038 1132,126
1598 2449 2450,435
110 419 90,178
9147 968,88
1820 624,463
235 2815 33 4738,6
3515 7,181
1036 198,1000
284 48,759
48 7 9,100
145 284,4063
477 7582,65
160 99,184
1259 55,1399
2753 326,2441
279 393,177
2912 624 764,354
2458 274,82
71 75,908
1584 1926 2815 3663,5
160 247 2912,9
1260 184 2,29
1036 5130,2034
527 55,483
2 736,62
244 66,779
1109 3515 721,10
1195 1527,16
150 4982,1713
198 2682,164
1134 2682,254
1849 2465,7
268 3590 412 8898,1845
196 55 85,352
1144 4489 84,230
238 3424,95
198 2715,51
198 247 807,8
2 393,2175
1109 3515,4700
1598 624 764,5519
268 512,357
4489 449,102
1589 1598 3373,13
1036 678,83
284 6520,220
1144 33 7582,4492
1144 198 33 4738,156
181 8898,2731
1134 1336,23
1036 1984 214,169
1036 1585 624,10
284 678,505
122 284 68,5
2753 692,74
268 968,740
133 1584 2,11
2 3515,805
2458 29,18
247 4900,55
198 7,3415
247 46,2414
1598 282,694
139 721,39
44 64,9
546 8,27
196 2104,55
185 1926 353,93
57 685,16
4377 58,10
268 624 6684,76
2449 55,1074
198 85,471
512 624,1485
3590 624,9507
160 1926 636,1756
150 55,1744
1134 268,8193
2 459,381
2 238,216
2100 691,62
1589 624,6557
2 807,135
1144 1298 4738 48,265
284 57,1263
268 3285 764,490
2278 691,16
33 48,2778
284 5465,862
55 899,490
1984 4753 5565 7582,25
1849 268 7,8
160 476,416
1598 968,136
1144 4489 7582,382
1984 51,34
29 4716,172
2100 4489,35
2618 5465 624,185
122 5436,30
33 5392,3341
353 419,206
538 673,91
1298 5187,4026
1598 244,7077
213 55,2124
2 465,2295
1598 5465 624,1144
247 33,532
624 9111,4460
2618 624,3426
244 529,918
44 5,22
274 449,137
33 4938,1144
160 255,151
3755 4364,117
1171 2,1268
1210 268 624 8898,2515
1589 624 9111,451
1144 5392,4787
279 55,236
3755 55,506
4738 7582,13240
1210 268 55,331
268 3590,10072
268 5465 624,378
2815 51,948
1036 7,261
2450 9111,3910
1726 2,594
527 624,2046
2 284 3515 538,558
1109 1598 2465,353
1584 2,8491
2458 247,51
1584 29 606,66
1766 5392,41
1259 538,549
3590 624 8898,2009
265 624,384
1584 284,570
1036 29 5130,45
185 820,80
1926 268 284,39
284 40 538,187
569 8114,9
3373 48 55,80
1195 4732,1215
284 3285 624,38
326 538,479
160 92,2116
284 546,491
247 60,177
2 284 55,1672
196 2753 55,200
23778 265 5392,23
11079 1598,3090
1585 529,120
1183 624,360
150 3285 624,90
110 1375,5682
3590 412,1889
2 55,3182
235 624 968,34
1236 244,465
1036 55,1760
55 606 968,11
1109 1375 94,5
33 49,478
238 3777,12
1036 4364,195
326 624,6454
5465 624 6684,442
1926 3792,3406
196 855,234
1546 1584 2,200
139 184,824
3515 538,73762
4364 736,370
244 928,668
23778 4489,3134
1584 2815,3250
3663 546 9,9
4489 63932,138
244 3373,497
2100 284,612
235 4738 7582,35
33 4364 4738,938
268 7873,3249
121 1210 268 4080,97
1260 1298 3697 4755,411
2682 284,756
238 4732,90
1210 624,8628
2036 383,11
1298 5565,1425
239 2450,477
3663 9,1697
268 539,135
225 820,63
1375 1459 55,16
58 84,97
185 1926 3792,1649
2715 71,16
1375 899,128
1036 3777,1565
1766 2450,5521
288 7,241
284 812,210
121 51,188
247 459,2813
284 4489 71,6
1598 284,1907
1210 606,103
1036 955,758
1171 160,152
1144 235 33,108
1820 55,516
1036 290,494
160 1926 3792,1756
2034 4732,79
1183 244,395
198 353,100
1766 624,14693
1766 268 78 8898,127
624 85,954
150 288 290,42
1144 23778,3431
160 184 247,39
3515 57,124
235 8113,359
2618 3515 538 84,23
624 9819,1328
2450 624,39291
33 4738,17402
1038 196,397
1144 121 1298 4738,33
1144 2736 4738,41
2450 5130 624,31
2005 6684,39
1598 2077 764,167
11555 78,119
2618 326,1437
160 60,50
30602 872,13043
1336 582,471
2258 624,2093
185 51,433
1599 51 968,22
246 247,9
247 3792 57,30
1132 1298,125
1144 33 606,476
18 29,368
121 546,360
2 559,1659
1195 2224,32
2736 55,248
582 75,170
1038 2450,322
326 55,3710
198 284 3515,104
124 284,665
1298 4738,3694
2450 512,590
84 85,628
1260 692,226
1260 4489,78
247 4489,245
1259 1584 668,5
196 512,387
4581 4732,3645
1298 1301 284 4427,34
1144 198 4489,65
110 419,17300
1838 3537,75
55 673,264
1598 681,1732
1144 1298 4489 4753,6
1926 3792 636,3406
393 624,1162
2077 268 4364,12
274 624 8898,66
1132 193,38
1144 1242,3923
1259 1584 2,1401
18 3,85
1838 55,784
2433 2593,2702
1132 2,1459
239 4364,337
46 99,285
2036 3424,4563
14816 9527,21
24070 7687,87
12241 38071,5
11638 49860,20
57029 71504,7
2495 25460,42
15557 2717,5
33607 42019,5
2592 30262,16
1501 750,14
3551 3658,50
4796 4798,12
53576 5515,20
21098 8524 87584 89267,8
30038 45260,18
8090 8221,13
4010 50431,8
516 81556,59
18494 45269,6
21230 33508,6
20031 38336,6
33734 455,9
12998 24399,14
16773 7787,8
2478 371,6
2553 6994,6
43838 52025,20
17999 25574,8
33607 9010,5
27337 6060,5
26204 26205 3211,8
21367 43426,10
26665 3368,6
26182 5380,10
4800 72659,26
26588 36001,12
10185 5228,7
13106 13108,9
8710 9480,72
4535 6671,10
4171 8071,23
23975 84298,47
21387 4632,5
31874 43832 5501,6
2926 73075,5
43832 744,48
13377 31188,8
27399 2925,5
20297 3003,16
23554 8544,22
5146 7324,5
36538 44889,9
21710 4943,6
2061 81945,8
17084 29816,9
1497 4197 4198,9
10902 13121,12
2480 8698,15
3090 4274,6
84000 85208,7
32138 3926,6
56582 60489,5
52274 5408,8
30383 59898,5
1444 58535,9
24640 27292,6
32909 4469,5
11062 14132,8
80 81,14
11361 52317,7
3795 53956,10
11429 13856,6
54809 60649,5
26117 47997,5
28592 7097,5
6784 9810,32
20432 20433,5
3054 3055,8
22345 33642,5
16006 23741 34845,5
21464 21485,9
6627 7276,8
21230 33812,6
151 152,14
12698 5179,10
35682 35683,6
21230 33793,7
12590 914,11
19419 33607,42
2121 5683,8
19895 32104 7295,6
59636 6990,19
26888 30424,10
12698 19490,9
42581 60475,6
29681 48105,6
3182 5632,15
10060 12157,7
1028 1029,38
22203 4264,5
21898 65626,16
3003 4620,5
15360 43969,5
4010 4968,6
26693 4990,40
21440 7028,15
3551 3658 82095,5
13587 79593,14
79715 79716,29
33511 33569,10
19028 5012,5
370 372,15
2569 34063,12
54011 86328,5
11677 77768,10
41514 68014,6
9232 9233,95
30383 6806,11
1029 4659,5
19437 25307,5
24031 3069,11
34373 34731,12
52262 7668,7
4809 8509,7
29745 29746,10
23846 5335,16
16791 7983,6
30466 30467,17
34166 8211,6
11110 796,5
52089 5408,16
3172 8278,9
14954 8278,6
1444 33800,5
76188 76192,13
5179 5680,35
12950 4103 484,7
2599 29458,12
16974 3278,25
24463 33607,27
21720 9910,15
2456 916,6
17166 889,12
21464 24284,7
10901 26078,39
11980 60499,6
1511 16947,18
57285 744,11
43800 87938,16
38695 5228,5
33623 4709,7
16188 1742,5
28912 8461,7
2095 3942,5
34147 8211,10
24931 3394,6
1268 7957,15
5480 6037,5
50289 82105,15
22203 84963,6
1130 5528,5
33607 35894,13
33511 34147,14
33200 45260,6
10503 12961 4627,7
17198 28269,14
6018 6019,18
23838 3650,10
27387 5552,24
11110 13112,16
13404 4076,7
5129 87424,6
12099 4935,7
30558 5812,26
24253 9115,5
4372 5004,12
35332 4589,10
2757 790,10
1362 4285,39
19236 5010,21
29997 86326,8
30013 40770,9
10160 20750,8
10236 26552,10
26743 994,20
12788 15695,11
11563 1929,5
13126 26938,9
21652 47796,6
29403 9407,7
5586 78977,81
5974 88215,5
3034 44595,5
24031 75479,64
2489 33628,8
1511 1514,6
370 890,6
18541 5411,13
2543 6018,15
1083 23852,42
33511 33623,14
1630 6018,11
25958 5351,12
1168 6866,10
74701 74751,5
8709 9922,5
24332 5886,5
2121 3344,6
11843 19970 7705,7
5637 6097,13
487 488,6
29997 35654,6
10292 2747 37906,18
15293 42280,10
33607 44174,8
11628 8368,10
37910 66352,7
13076 82372,13
32846 5689,6
3277 5189,6
33182 41416,5
5070 7098,7
4285 4287,46
26995 5852,5
1444 15575,7
3894 6544,6
2121 372,18
18559 19614,6
17411 86826,12
2689 86201,10
11855 5552,9
4075 4076,7
27628 30763,13
80839 9010,10
5162 8899,7
53232 86786,13
6994 9047,6
21485 8485,11
3137 75686,7
26843 4847,7
10405 29488,9
80838 9540,11
13546 72468,7
4200 48728,14
3551 85418,6
25871 3816,15
2699 4179,20
13128 55427,7
28636 5485,16
4909 88215,8
2251 5533,6
11558 12066,5
40656 9606,32
21374 22159,17
3391 3392,7
15695 5079,10
20789 34496,11
51678 8705,8
17783 57693,5
59870 7940,7
20055 8064,34
31573 400,7
6018 6631,9
16084 4274,5
49860 82723,6
1511 28287,6
8097 8240,19
16001 5356,21
6605 9955,9
1332 4018,5
17240 4076,9
516 81556 98,7
16421 19,6
23749 3069,20
10872 11496,22
4372 4373,5
22670 72767,5
11638 24412,13
21720 7729,5
2709 51184,6
2229 516 81556,6
7281 7282,33
18977 65202,14
3148 889,8
20862 43426,5
23745 27409,41
6994 9217,5
36725 5747,9
83776 88937,5
26508 30585,11
1511 1512,9
13126 2269,10
15398 788,5
1379 41889,13
21799 21802,16
3858 8505,11
86948 86949,9
2592 2717,9
4173 4174,10
10104 9540,97
