166 262,1045698
220 8054,396901
11170 127296,5480
16910 5 616,15673554
142 973,563568
10771 2485,59507
13902 1643,41100
79 80,4501895
1001 4126 43269 6979,110864
418 80,2476168
4180 605,158792
2210 4511 8407,79840
2137 2330,42875
1035 1763 587,339259
1209 179 220 417,1329202
206 2980 458 808,906731
457 5882 603,408894
195 2012 400 4381,580329
48 5945,2316598
1059 6655,106323
5857 629 8761,271671
15169 617,180050
1722 24017 4798,139713
102 4319 5442,781123
362 6964 737,346804
126 6362 7626,888294
1098 3058,56965
10080 66,2551472
109 8848,1284210
1681 18226 44,2738412
417 484,671888
103 1056,784913
0 4160 9442,14996524
2208 229 3657 9533,265075
20741 2317,37660
125 8943,442864
360 599,835051
2751 466 9747,283033
484 8645,200296
181 3219,1024572
1322 473,450358
2005 2252,68107
44 599,3249021
21297 5224,12696
1345 333 438 47,3561650
126 1384 32 415,3880646
109 1292,1306279
1230 713,137345
1935 44,2709967
2817 3268 4385,44809
1496 207 69,2971085
2069 247 5341,440043
16 2384 8691,4832859
166917 6598,18881
1121 2168 3807,147206
1180 126 33719,867178
12421 179 9584,488720
3079 4177 9258,23156
0 18 3481 4368,16025405
3022 3883,112747
0 10267 2296,14999658
1533 2797 35757 5272,35461
12272 13403,14977
3707 7038,49013
3961 973,141091
0 119,15105750
115 1203,681116
13913 2550,59023
27 6266,3019240
3601 522880 9,14664354
2048 3374 4643,30525
1056 231,564327
1173 5313,69620
109 2186 55 778,3408940
16627 4823,10965
9006 9007,5436
29027 599 666,882018
381 975,557867
1492 67,2361797
16121 599 61,2753503
2040 232 320 49985,554880
1754 1766 26205 347,308958
227707 792,106221
18 331,4978539
1065 1173,350730
560 66,2749937
173 68,2714597
100 1065 466,1075984
20122 262 304 911,787814
294604 3555,14656
1198 2607 28,3328629
1159 522,311644
1384 2003,194554
30824 726,218380
126 1668 173 975,1665020
10435 691,245727
1759 5570 6162,30482
1312 882 911,375648
1080 3480 74,1795337
1760 220,446069
1845 517,342645
410420 4159,30265
128 826,461479
1080 994 996,313469
20719 2837,12766
151 154964 207 726,1044339
177 3285 60 916,3571949
1011 13392 65,2349076
100 4711 81,3251434
44 466 68 69,6612776
10562 128,378050
2159 298247 3433,31911
18 532 68,6579802
1228 1531 8074,227038
13636 14804 262 350912,358360
4167 5234 5534,72168
2767 473 524,622011
1747 7500,33823
1019 56 7812,2282126
181 2431,1001475
2816 412690 6359,31538
1826 2443 46 8756,2444677
183 2226 6889,335271
16 18975 4459 514,4836982
241 69,2733011
109 9365,1287263
327 3284 981,499290
1158 295 85,3334467
65 68,4353425
1476 3631 5289,60034
100 475 813,843876
1120 2078 591,423416
178727 3550 6598 69972,37113
2186 5702,126356
2879 83,2240083
1692 5797,134738
335 426,767160
255 4853,314113
137260 165 183 3614,785312
5 9094,15638962
269126 501,136371
743 983,340210
109 1919 574,1525430
439711 8731 879,155131
1197 5214 678,197095
22317 238 295 47,3617289
2060 231,525489
3135 819,190384
1583 2182,96869
41961 7908,7072
2836 428,278858
2596 5705 850,252329
150 23272,254065
381 8104,278917
1835 4061 778 907,327596
143 17667 64 7265,2932112
165 36235 508 85,3265290
102 166 181 1821,2397433
403 4911,421123
60 8991,3066938
1026 2839 284,515552
118560 457 489960 756,373353
3739 5,15641408
1755 425 868,443858
1301 2430 496 693,542642
2862 9338,30620
1425 5054 5170,49650
2007 876 97616,225266
1583 1684 465 60,3302187
2525 539022,24667
18 2504,4710634
1000 10100 179091 2237,124533
18881 1919 23 3078,3579077
1087 2649 68,2364565
1083 1476 1638 3899,166017
30808 5800 787 9115,228279
1046 35586,98622
197 484,718352
1489 1766 2023 44,2822795
120309 126 658,950826
1356 5412,93743
2093 4663,42119
359 569,376622
1583 458,337159
1691 2323 313570 781,242676
31227 3510 56 87023,2228520
103 234 4263,994982
1754 2023 228 44,3032207
109 11571,1298880
12256 31413,9661
16934 3684 98842,46825
18 466,4856222
15716 16032 6897,7149
166 4761,730117
1107 841,365190
2732 4864,36244
5453 598,180345
1549 17500,68486
4000 458,294470
211066 3321,23188
403 6056,409096
15218 5113 662,176174
12082 1603,58424
16 17 403 629,8454159
180037 382,299899
10772 3157 6252 8768,21293
22285 23914 7715 7807,110906
1379 27 3595 647,3167429
1149 203 629,617631
100 2530,605898
17853 942,104645
1225 177564 886,260725
1062 69,2490314
1089 2322 2949 466,334533
10590 10805 17 693,4698233
176724 4256 4415 9861,91458
2277 2786 591 6590,397200
11866 1812 522 867,448544
37470 57784 641 666,408947
1038 327,356330
151858 458,269783
2024 2943 4389,59829
3514 885 9318,166999
26539 4216 443 80,2565039
19873 83001,1961
15914 2767 295,586549
2564 55253 69,2458810
34961 5555 9406,20601
146 150820 2412 945,442795
205 425 473,1020757
1107 200,496307
544 5726 808,348611
13022 348,471034
10292 29986 3167 445,117670
26833 79588,1357
1348 664 92,2181877
15742 158358 66,2550801
17747 46 514,2576854
184 345,828393
35946 629 6477,256054
8549 8550,8962
196 886,425977
348 644,798463
2094 44,2745197
2804 46,2411407
17 395,4618763
14295 2306 3080 609,270993
11863 2406 822 91816,229791
14445 156 20276 220,697519
2559 6074 629,285975
36391 870,180067
1350 2085,100984
11705 4 434224,15736457
238747 417,481202
22806 2814 4391 61440,37545
11134 1603 5480,58100
3219 4523,52108
1273 3509,82317
121400 23460 3485,23133
1107 2064,266074
1345 5380 722,347464
18 218 258 403,5171224
2384 454737,212395
2205 333 348 4511,1036647
3861 599,629808
2899 586,229617
2550 922,392723
102 10359 18,5269863
1982 413339,24509
2928 4203 62824,53602
181 6585,1009701
11505 135 166,1164050
2922 68,2343142
1935 269 5182 6173,394795
4036 726,224334
1241 12780 3289 543498,105964
2736 64 6468 7616,2408120
426 666,690718
129 144 2383 287,791620
19243 2089 275 599,926622
10488 1648 4 43214,15735974
1351 16992 27877 87813,57236
115 3054 62,3023938
1814 228 417 743,1033625
115 197 4071 975,1436088
26811 5387 5492 66,2565304
181 2830 349,1204828
14943 444 8547 947,419224
2005 3881 409,432312
1620 2954 6382 970,170232
109539 348412 444 7532,180356
1869 2557,46016
348 359,731802
2710 6865,106323
1345 1561 382 781,699644
1570 197 2323,631185
295 54,2445001
5967 853,101030
12718 6797 8854,12160
141 6770,329358
11434 4204,8111
1814 61,2283434
466 6924 7607,255741
20114 2607 3801,41848
415 575,462805
11378 2565 310,456926
42596 5898,23231
102 1583,821720
1163 179 458 58,2898314
13971 4962 6303,48049
143 680 86,2590180
1845 352 693,745682
788 8040,163678
10438 128198 325,252953
325 335412 6195,256359
3883 405 458,500906
557 8938,196319
1186 1760 5 7700,15663763
1943 417,599365
80 8571,2342774
1349 2862 79,2632621
2337 55,2032059
145 1835 8099 915,551214
429 8124,252780
2897 50423 666,309472
71 72,3666090
103 11100 15234 763,959639
13291 177 5105,408290
1548 284,543329
13133 231 3013,512610
9 9714,14660223
1224 60,3086577
142 2956,444928
215905 22676,1472
181 2384 24845 701,1297649
126 15910 3526,961553
3676 459,258596
144 1915,377229
1501 586,228510
3054 426 48,2714183
140 4415 5818 744,514642
15056 1570 181 570,1212081
1159 15010,73682
1090 24830 348,621557
17930 403 7823,405549
7652 90440 9189 996,187095
1185 1371 7 770,14930414
101 1387 1835 7032,473679
1356 8991,85976
141 173 965,956704
18 7164,4696416
1531 61,2360167
206 2064 21581 34718,449298
121671 1722 5886,109657
155654 6545,8560
18436 3920 603,211970
1856 743,241375
10389 13812 22961 6293,12514
3890 48587,7974
460 560 958,535341
1071 275 426,750925
1338 181 373 37630,1348186
2686 319 5862,366820
4091 4125,80795
37111 5702,73782
1821 56727 915,170607
10356 2382 334 6046,145320
11063 1544 1631,70663
18 2453,4713971
258 5230,327309
15945 16316 5840 599,632292
12183 178025 316 452,595820
6650 96128,7964
1208 1430 478 603,656660
1166 2770 32584,94125
1107 84,2788129
142 3735 570 822,878668
198 360,429252
2890 4831 606,221445
808 871,270886
1012 2549 604,198064
1046 241 61 629,2818196
12355 2306 3526 726,445321
10391 50173,9879
13466 13752,2864
212 348 508 8919,813616
12103 42109,47896
2384 2643,233693
28 3987 5732,3330678
1179 333,585969
1371 15143,23390
1862 9168,21666
2289 850,267556
5797 5804 788,184674
169 304905 636,682551
24690 28578 318,195459
103 1208,820357
1310 1422 837,155073
1083 766,352715
299 382 5016 5119,489070
1140 15266 27620 9618,50001
247 916,606485
164 1684 2711 85,3241368
23257 2808 965,233174
1383 166,779676
109 146297 9820,1289769
24845 3521 393780,12736
1345 173 4046,560659
1243 353 486591 5686,340420
463 778,480007
17 4710,4550257
14094 3754,19887
2030 3890 7956,23575
1057 2916 685 85815,187022
1440 333 5 85,15757991
131363 512,168108
3456 4524 496 67,2615335
310379 4216,142269
1038 16788 2843 37559,53653
1159 12021 181 7123,1080593
12589 5800,86325
1065 544,472343
1359 2898 454,255262
1149 3729,139496
17 333,4931557
14303 2705,42159
2550 26100 318,242763
1090 5967,169949
18 7125,4702534
2064 2067 450828 9046,177374
1512 181 591,1312658
12676 22716 241,355736
1644 38110 8058,38662
295 310,989627
15619 181,987536
18024 1848 46 85,4866245
2903 981,173266
25333 932,71728
1047 1413 690 975,505276
1075 282642 605 606,413936
10864 1750 63,2247770
17 40520,4520751
320 68,2584940
13165 8494,3540
1315 66524,64928
1829 5799 788,200394
183 3712 417,806213
126 128 3827 54938,1214562
107894 30568 3863 61536,10591
2309 2751 359,392097
1333 458,283348
126 3526 6790,968353
354 417 7585 8227,705229
27 994 996,3221947
1107 183 2686,493421
12416 62,2457069
5528 68,2342003
1643 37201 415,388566
1225 126 586,1118913
109 5488 5714 680,1494701
288153 295 6337,577807
514 81 997,3013374
10858 24845 2981,13756
12341 20298,33159
1330 368926,29063
167946 2830 6611,78935
17 657,4733588
10682 121,446488
1169 407,222093
150 58 6381 6963,2667915
116601 166 2384 2924,954751
13369 1755,79469
591 7184,346325
220 6406 811,604455
318 448443 448444 788,346692
25251 4161,10989
2272 284 544,651392
2943 636 6488 745,422693
3644 6079,70471
179 947,718256
1508 2356 4998,117917
114 27,3489887
181 351 85,3827214
10454 6634 947,262346
345 429,617396
234 511 965,850176
102816 2252 798,202369
3808 40691,36606
1047 4972,76710
295 876,769003
1430 2412 24566,218979
297535 426,424945
18 5748,4696184
1310 693,273460
1365 1409 1666,85663
1379 17271 32951 911,219016
17003 2732 304,314928
1114 79 85,5063467
1782 7089 975,352883
482 6715 795,270418
2601 883,168218
10858 229145 37117 80,2327822
3283 38667 630,190284
3526 4463,191236
173 4116 916,649780
10488 142 2816,471042
22189 819,171623
10519 681,135684
4773 879,155921
497 84891,110920
1531 4906 67,2494144
144 280885 5011 886,519498
295 42,3254855
3284 377,280118
22557 27273 32245,26336
1740 5998,23383
105 27165 3526 8218,752434
2238 256 373,586957
186983 2830,71852
12801 201781,801
102 2530 325 3254,1009398
15266 2406,48465
42642 511 785 786,642088
5301 728,175235
109 7123,1310494
2096 55 6567,2066742
377 85,3012639
4159 7125,41389
9110 942,112098
49089 850,230836
2377 673,259358
247 3820 850,631963
11646 12256 4866 947,265685
1821 209862 629,304839
1065 166 335 5596,1352390
2472 693,253378
1479 15986 2064 3016,226346
134211 1999 354 8508,238359
11349 1249 2434 5655,82812
109 1684 6644,1392141
16364 30546 6850 921,180919
16 599,5134506
16 965,4837846
2210 339 479 785,679497
1187 2288 57,2410028
25587 27844 5572 5678,13671
258 69 946,2783014
115936 2004 2377 58714,94710
40845 8218,75090
1391 24423 86529,41501
3361 657,299240
16 346 947,4993145
22246 2899 7029,93544
2416 3526 453728 7721,180980
152964 2924 4640 666,314616
599 791 922,1038042
33255 9617,6321
4648 6979,22072
37671 621 871,238969
1436 150 21 2745,3269255
1609 1746,55257
348 8586,464557
14107 14135 16226,5400
18 2406 5870,4719810
18 76497,4694360
1317 237122 760 8385,231362
1251 71,1950398
1391 2043 415,413842
10089 247849 2525,89481
23642 80,2324387
50 657 8944,2414311
241 2645 269,684684
14622 41142,513
1362 4323 494,157294
134 3365,333213
183 6924 922,697590
5488 9892,26651
693 740 82734 915,473327
1350 781,264516
1641 2072 379 48583,248020
27130 354 8528,230199
109 333 403 4843,2145967
295 373,916939
109 1659 18737,1294874
1573 3821 6097,77728
17126 3220 8297,28671
218 2546,419917
133932 1801 525,261624
15341 200,403220
3192 405609 544 967,377982
115 770,810723
1312 5597,98586
1349 1350 633 726,520957
17657 247 2553 49,2497088
2372 766,245884
181 511 8383,1317794
1208 20101,146358
1576 333539,34218
1422 2064 417,638298
178 342,441158
295 672 978,895909
103 339 462,1050396
33456 464591 6964 947,254204
110279 11806,1432
2996 76763 922,352384
17 197 2243 84,6916866
2491 429 938,459816
3166 373,372100
10801 4524 64,2437167
179989 3697 922,361060
2892 3883 443,275682
103 1805 675,834716
5387 795,160659
18384 3049 6397,16254
4110 7744,31726
102076 28515 604,139244
380 443,486917
2114 3687 9943,38752
1055 1365 85,2942356
1812 2464 340 673,422788
1628 2248 6081,107632
4160 562 803,295467
333 3796,544596
332 49,2318849
109 284 570 80924,1906748
126 7873,836542
325 778,490607
1757 18,4729413
10560 23998 429,254093
3316 46 644,2713468
11362 125 1856,526618
113614 316 3571 975,574828
384 4470,517575
320 632 6655,437322
33581 863,77687
1278 2771 8908 947,364861
181 197 373,1811122
17 177,4520484
126 1668 5619,993351
122094 20449 3989 822,209045
17915 560,233069
1244 1245,41497
18 2213 922,4963632
109 1399 16315 200,1672264
192 1996 319 5140,633599
560 744,343045
269 686,539346
44 4856,2704098
1065 335 4117,647399
155 2364,200672
13859 1601 5613,59029
2384 331 67,2859737
114 1712 8227,616526
1790 2854 4315 615,318712
18053 27253 866,95413
1208 46,2520765
562 6820,213618
142 3827,453148
3031 348,469756
462 64 7476,2525292
1077 2052,128594
2207 301373 333,608206
1000 629 67 84487,2644549
18452 231842,83474
160555 24826,1131
101825 125 149 4633,737487
22712 332 478 91,2550747
2355 310 666,756785
17344 2854 339,284520
243 59,3008365
15020 38,3012296
11300 40091 587,135809
2259 400,264733
352 405 693,722329
465488 7899 922 99803,350405
15549 2546 5310,89185
2023 763,333106
3754 3890,25713
304 380,569345
7963 981,152323
18 206 3417,5033731
13549 766,233813
1430 1766 1916,278518
103 234 680,1148856
352 3881,378655
1079 126 131249 757,1017258
2944 4911 629,305911
1075 1152,129484
166 256 382 782,1345165
4145 792,120958
1453 763,342599
179 295 417 463,1695492
1384 2283,169140
1668 6008,169253
0 220,14994906
3883 562 68 728,2682520
179 2070 4404 975,851536
1108 2186 4177,94017
1628 722 89148,280253
1559 262 44,3018039
4903 9348,7906
633 709,312321
1526 599,672419
14239 320 353 67,2841381
1035 360 4126 6567,377966
562 696,269190
141149 432 4358,135080
10356 126 5576,880332
5685 629 975,544128
3697 4368 64 8995,2432603
140623 2089 913,141040
18209 4167 4182 60819,103327
286909 8104,2348
3199 5480,126227
348 460,645791
14525 8547,7084
234 462,458594
16 310 763,5189768
1465 2716,49527
11196 1241 254369 3094,76418
27858 28792,18582
1142 2036,58201
318 5 63,16062988
1114 12975 407 55103,273922
16792 3456,23729
409 86768,333846
496 737,366892
14657 2980,68869
269 5182 6173 622,480534
304 343 483 4831,662350
103 360,893238
1075 12889 7716,102455
1241 15845 179433 3130,92288
2897 473,461575
6080 982,148426
181907 5443,8478
115 315260 3675 551,724403
1049 1576 298,242289
59 778,3016245
212 5845,260311
1312 197,620192
210828 345 362,612085
10171 1835 7746 8727,37433
102752 11207 4025 9971,32760
1734 324,211598
109 17 335,5784693
12176 275 62,2695038
205676 85,2802628
3416 47649,10117
274520 35666 4879 859,145352
2336 3967 56206 86786,52983
247 6470 770 862,715928
1225 14437 1601,168305
18 58,6510589
1356 68 8338 84420,2416328
1083 373 4047,489471
1056 232 30547 5802,395241
11010 2064 58 85,4780844
373 870,536979
1265 676,129894
457 7396,207971
11437 628 7688,202686
2114 725,124474
3304 6650 674 866,274746
403 453 4925,605744
28 3807,3316499
1476 23029 67 8881,2360920
1380 85,2826236
373 42 591,3334598
2549 81287 9843,29455
450 5237,217885
48582 769,103390
1026 1099 3827 40091,204567
15795 284,445034
1225 1681 173 636,817318
109 331 3804,1663911
421 8919,249867
2302 32078 52844,9526
1845 2013 795 83080,367617
1548 166 266573,813045
183 2381 4278 691,576612
33 4780,2859164
12830 1845 2766,219701
11565 1197 3526 411129,221553
28 444,3439621
1059 60 632 841,3422402
1107 4901 811 947,569809
15342 764,150688
10495 466 666 9597,492799
59 6245 80088,2825918
10187 263591,5551
103 4439 886,854210
182946 5523,13124
1973 39 58,4353129
1606 1884 45,3046226
1391 17 3653 5281,4570041
100 1065,868511
12405 3399 359 478088,297392
5442 5943 60,3076314
1326 2447 309 359,535029
11 2305,4441414
2313 438,415855
144 68,2658372
1257 1640 183 2945,468232
143 1653 333,1213029
1089 756,252690
12103 1273,110057
351 353,577322
2306 4900,106770
27 586,3178280
429 657,527139
1005 166 1814 85,3542487
102 17 179 18,8466944
1239 2698,86646
102 633,929862
1310 207 359 675,1028785
1814 255,390248
18 231,5047029
18 2710,4765654
176 42 803,3201590
2161 2477 3601 771,387634
146 66 69,4735988
18 2667 496 965,5082611
165 1668 3883 813,772352
3283 452,365435
109 922,1600816
1114 664 9 99,14702122
331 46,2734851
1561 400,336631
2384 591 882,650170
109 142 348,2104735
2072 525 975,519501
232 532,509425
228 4385,353731
416 68,2515269
415 443 72 965,2650713
1273 1576,74000
1225 144,483386
994 996,245703
1601 403,443886
1046 129 786,509132
1570 295 871,769498
26 725 911,3672523
522 975,530535
3283 332,251853
1766 85,2874500
1532 205 2830,485056
126 2763,856796
109 509 5957,1408685
2262 460,218040
325 416,465459
1019 1384 65,2524772
55 599,2560019
1430 363 379,594386
181 8758,1019644
1245 1413 1755,148464
1083 1583 2260 4222,300502
143 466,865627
1192 763,361716
2289 473,463409
2 28,16600663
147 319,588856
496 531,582378
1530 42,2796519
181 1814 850,1199910
1345 258,437558
68 7123,2361976
102 109 279 80,4284496
181 781,1162851
115 320 332,1129360
1257 16,4697344
599 60,3587520
5800 615,239969
1149 310 67,2800694
1089 16 18 3064,8188683
100 525 83,2922910
2730 5,15647654
2370 2412,87906
2903 66,2569928
1531 68,2491131
200 2491 84,3122439
114 18 3159 3429,5164640
142 2406,462868
316 636,504498
1212 2306 453,322484
85 975,3047141
3684 66,2583046
3707 64,2417704
166 1857,765355
232 399,477108
109 126,2062916
404 42,2931255
2289 853,131593
1620 2854 295 405,824000
1043 1065 181,1336604
2945 521,165915
139 140,719343
1760 7123,85065
1055 1856,198997
14303 269 558,478434
438 516,548035
379 737,292450
1430 1653,197060
142 3644 54,2357092
143 284,1068621
295 3260 346 680,971612
1570 363 54,2225127
181 26 65 85,7837364
181 60,3888164
331 417,860287
142 275 922,1033668
1529 762,180522
1973 5373,88955
109 1158 1668 1996,1505974
181 2005,1029708
61 685,2306159
1065 522,530907
1819 4216 5702,249394
107 16 18 680,8578534
2285 44,2750512
1856 2546 726 79,2883630
415 647,467502
348 373 586,1000446
496 8218,343662
256 428 72,2401289
428 80,2547542
247 967,564431
46 7123,2423412
1118 60 790,3208503
28 444 54,4960276
415 426,764640
140 462,511562
1062 2751 56,2331458
352 651,462507
143 3684 64,2944423
1165 335,406494
1312 673 921,462132
1594 778,283938
1159 2337 5344,181728
2807 3684,72575
1099 1115 18,4845284
1208 335,502751
4071 484,229735
166 1668,720199
320 409,622405
2064 426,561338
18 3022,4735196
181 2491,1114716
2093 310,466937
58 870,2595600
238 726,722745
1845 269 346 84,3117712
359 473 862,823045
1187 16 2732,4741170
1050 2168,166405
1056 2945,145009
109 473,1683263
1359 181 2289 85,3683686
6657 726 7616 8,15273489
1116 1452 738,199478
144 1476 1943 262,843089
67 970,2410213
17 58 99,7793099
339 629,485463
142 69 886,2931915
2897 781,221457
1055 181 2830,1154978
1107 181,1101663
321 79,2754004
231 234,759323
3283 426,449572
1149 1530 389,312592
1628 295,614735
1062 1814,154901
102 1845 198 4415,1195659
1697 632 7807,259179
1279 2377 3260 67,2460835
1530 16 636 790,4954546
18 79,6600928
444 80,2472548
1046 1523 65,2458391
1083 58,2551921
60 90,4287865
426 458,686580
1362 632 673,354053
1561 403,504227
2356 603 629 657,800209
1196 1208 1422,265491
16 4150 69,6189105
911 965,395735
320 983,479412
44 951,2782940
1026 295 47,3231397
405 44,2848285
2695 58,2468603
1810 85,2828588
59 60,5412380
1192 17 2599,4598712
126 15102 1919,1010943
1047 44,2760802
2755 28,3323236
16 27,6895526
1055 181 2168 61,3235133
128 320,666081
2425 4222,111530
2477 335,437314
4071 526,356787
2491 675 947,524904
1383 609 764,363260
2210 428 6079 859,465430
1107 1345 151,488263
1943 23 345 803,3903127
1046 511 644,697088
18 743 811,4939114
1722 996,280959
3668 496,312606
1751 2369,73585
3284 5989,55567
1055 69,2536695
629 756,428174
142 17,4851332
1071 947,303099
2459 4710,68362
591 67,2626735
1110 1919 377,469767
310 531,722676
142 2755 331,837117
60 629 947,3473051
23060 5577,52883
17 241 44 6585,6800652
320 407,486224
109 332 811,1668321
351 709,410400
333 58,2913452
21 58 709,5075384
28 6160 793,3445795
335 560 883,733361
109 27 967,4249698
1782 1873 2052 916,354456
231 42,3166776
1452 532,291632
114 142 644,1293091
28 6924 790,3431249
1806 238,549016
1035 770,293916
459 78,2360805
128 157 2760 46,3130007
5 6081 7123,15646818
1158 126 2903,904718
1083 466 981,481495
1099 223,387513
109 1723 197,1805234
1065 60 743,3438178
126 15910,847513
1259 27,3044751
241 321 4368 458,864073
2962 722,255188
379 415,544702
109 1099 2153 6488,1344304
166 58 599,3555783
166 1873,748714
18 68,6413678
128 169,816375
418 633 822,560613
115 781,809346
4562 81,2771021
4216 5798 615 787,416289
0 1110 232 306,15049322
1751 60 819,3225554
514 691,447300
140 2728 3729,422013
2771 462 79,2750235
214 333,757781
381 79,2812208
304 351 629,810590
146 1662,309585
179 181,1440977
1344 142,465961
1118 1583 1766 60,3237138
1103 18452 2980,181448
1875 2928,70459
599 7303 92,2647014
181 183 55,3129923
3199 4207 8282,174448
1810 409,362862
522 722,475107
1035 21 321 48,4982704
60 673,3223200
247 461,528422
247 66,2895343
28 417 60,6127745
109 440,1448806
11495 586,218055
1384 1814 484 85,3163332
74 85 916,4401787
1684 60,3154123
426 71,2290562
17 351,4721163
1022 1159 728,279776
381 400,501886
20921 7436,4018
18424 243936,1545
18462 23167,3420
33255 48982,918
161675 222746,34
12903 234633,1220
17969 37084,2577
126588 72808,658
246767 47383,126
149445 8461,3090
133478 55952 9671,3591
17967 192349 41138,744
13040 41651,1806
23413 33451 35134,3799
205978 56725 6552,1895
13263 19067,2219
143657 47120,756
136600 23544,1620
25352 26321 34756 60826,2941
286019 374281 6412,2411
11077 8806,4576
14341 25679 27545,922
367647 51239,75
34281 50495,1664
3659 37920 80190,8290
48085 54137,1133
24580 78267 78268,428
15766 39161,2615
25925 6593,4213
13427 33615,3049
195161 37654 423111,336
13921 95725,1558
239443 36314 57016,1144
3609 3859,18106
58410 97666,1111
27994 56468,946
282353 53690,138
70798 95988,223
141998 19643 251124 463053,1403
164133 238456,118
10613 18928,3586
8989 9040,4976
13781 154102 388735 62588,1104
32326 9940,3005
21265 64395,1380
22349 437495,303
13411 40049 55396 7138,3695
11087 26811,2599
445972 7472 83576 8630,5254
44505 7957 9689,7772
1227 94643,20707
284635 32969,549
15923 24649,1760
29528 87084,1577
13551 93618,1453
11919 401226 99183,2271
14619 28437 3236,7434
11474 13710,2123
384222 40939,330
11785 9671 97477,4553
11504 26016 463479 82352,2737
105852 25829 3148,6873
57730 87852,1858
134358 23315,984
1449 145849,10346
37006 706,83231
120662 23040 2435,10256
19139 298668,1182
14974 192445 221590,2037
104938 40538,281
5816 97578,2839
44179 62737,711
23724 5864,5500
34899 6178,4646
107035 4455 50575,3842
31926 369185 99705,1081
228835 81650,70
21078 28765 41024 47016,2621
15179 441584,675
22028 30806 76732,4018
25456 9000 9538,11046
132559 4945 5171 52900,10680
100980 100982 307587 44077,431
228860 96580,42
19268 33863,1192
23963 31300,412
22468 231163 79603 94296,1266
31255 51620,1243
25257 2910 50454,6279
101540 2757,8870
218314 25990,659
140812 7503,3888
17428 24758,2121
15554 57535,990
203251 5959,3126
13047 231163,1619
492 918,232153
170407 28634,166
14673 239022,729
16268 16475,2970
5212 5215,5264
266217 383575 386771 554723,219
139960 30638 33305,678
21386 3003 393459 40667,6118
302322 35347 54658 555206,555
23284 325879 60756,2662
20515 7262,2328
19007 486752,578
127184 14406 14684,2347
118884 20958 56803,1528
19790 79656 84487,1517
23498 34623,2348
179484 20329 301588,3308
448552 9288,2988
44917 60447 69480 69481,302
19863 232649,662
253147 93866,303
3168 3248,12107
26572 87852,2056
129290 25326,982
10758 42610,1953
45966 4680,5647
415429 96859,104
20769 43219,2891
10269 17437,2906
222469 453577 98944,210
17553 9629,3319
13491 25039 295238 49919,2176
138105 367926,37
21955 8316,4247
17047 5042 5300 5906,12473
231606 520006,1861
144073 346817 35923 436177,269
10682 113925,2293
24779 3052,6573
129746 25549,384
24815 329985,1392
23886 736,104288
5003 5816,5670
134971 21375,1372
7315 90478,10011
156517 59619,173
59488 59996,950
29495 7960,4479
264567 414890 61697,97
25530 40863,1288
372547 9232,1305
209022 447627 456982,23
5376 61705 6323,6925
31267 77124,610
13042 35447 44387,2212
12037 13329,1872
12391 1953,11598
15241 216916,1110
51415 83865,938
10751 2540 3835,11400
212623 34019,350
454980 454981,10
12933 3941,7156
12465 16273 28141,3512
14767 34866 52883,681
14164 85856,905
13530 15944,845
15198 185866,1006
7758 9281,6712
12595 18583,675
11917 18382,3568
10142 52218,1416
146698 17658,862
169700 194530,610
30643 66531 7645,3102
18910 6415,4604
14766 207495 37977,1797
126858 35355,242
111371 470707,153
11008 8975,4483
14079 368276,872
59169 9806,3197
130122 81497,482
173353 53788 75470,601
1904 6102,11853
165489 47664,581
206172 28152,366
147150 7162,3289
13401 62316,2113
56545 7571,2203
38514 539861 540817,1598
28835 73032,917
14826 5540,3459
32112 37876,715
185287 7448,2655
10862 5205,4518
39112 54671,649
5770 83326,4434
25202 50236,789
14728 62225,1323
11770 14591 183921 31108,2340
38946 45760,318
10714 11126,2206
26388 413042 9258,4355
48239 48620,907
29953 7115,2461
10331 24697,2541
33292 4719,3061
14422 171516,863
13337 30149 38864 60969,2577
7937 8700,5352
14376 171798,1989
17733 548905,1847
10211 5037,6244
260633 63612 75915,403
162059 17214,852
53633 5740,3963
12035 12101 39925,3697
141065 8830,5032
32634 33009 60221,1119
55971 56572,670
103794 187594,193
176229 28143,905
15319 35144,3005
178183 93274,1287
27966 5334,2499
62659 9562,2410
123355 34451 80397,2923
13357 43924,532
19973 35285,1887
16155 308,159559
34501 8013,3406
128839 18294,1089
123525 45451 93198,448
25193 499798,1796
10814 19207,2655
13782 67399,403
10865 29046,3223
181706 44749,728
109465 9304,4843
265814 34871,499
152997 31012,332
37673 5028 8317,8755
20769 34725 7809,3511
161745 24658,1107
23123 321143 321144 7316,3174
10498 386840 546027,633
221620 30384,697
392 41647,101887
3393 35484,4240
24102 76509,1065
22070 54551,764
111339 72954,1366
10685 33264 56167,3990
11690 12396,3443
141131 225,274014
15018 24317,2075
10679 11429,1836
2394 26423 4705,11602
166280 267760,65
185687 22890,1275
137488 39742,272
17669 8087,4842
16999 9198,3170
13363 22118 22122 76146,4342
103693 24837 59003 8680,5278
12685 12686,1850
32187 89643,1786
3670 37763 4471,10700
28848 55027,566
5046 9048,10084
53910 81774,828
24432 58830,549
10626 192678 32618 8087,6196
117748 126799 449326 463617,236
19844 29264,2611
12697 37760,1281
7761 8890,4455
10405 14185 23475 24129,4522
23449 40623,473
3113 83306,6130
40269 81969 8446,3114
267247 46466,387
10770 124177 68285,1971
15022 8398,7726
100722 12194 4580,6882
261624 31501,748
11215 43300,1276
16080 241695 406442,2119
179040 283423 475062 9336,2365
132606 35719 36531,1805
25713 36598,1547
5816 7911,4507
14725 327438 37427,775
37345 93190,211
1718 199322 24919,10257
24753 39148,892
12348 328,188490
42398 5161,8731
44947 9230,3068
114386 20752,913
39385 8362 9662,7152
25725 25782,2909
40993 59088 76507,408
